time_sec,node_id,temperature,alert
2.516,2,3,0
2.628,4,52,0
2.662,1,92,1
2.995,5,8,0
3.179,3,60,0
4.516,2,18,0
4.628,4,30,0
4.662,1,40,0
4.995,5,-17,0
5.179,3,52,0
6.516,2,60,0
6.629,4,-40,0
6.662,1,7,0
6.995,5,78,1
7.179,3,73,1
8.516,2,74,1
8.629,4,-31,0
8.662,1,11,0
8.995,5,52,0
9.179,3,72,1
10.516,2,-19,0
10.628,4,37,0
10.662,1,-17,0
10.995,5,-30,0
11.179,3,19,0
12.516,2,42,0
12.628,4,98,1
12.662,1,79,1
12.995,5,61,1
13.179,3,50,0
14.516,2,-14,0
14.629,4,100,1
14.662,1,42,0
14.995,5,-20,0
15.179,3,56,0
16.516,2,92,1
16.628,4,30,0
16.662,1,48,0
16.995,5,94,1
17.179,3,71,1
18.516,2,21,0
18.628,4,10,0
18.662,1,6,0
18.995,5,0,0
19.179,3,76,1
20.516,2,45,0
20.628,4,50,0
20.662,1,-6,0
20.995,5,0,0
21.179,3,80,1
22.516,2,6,0
22.628,4,83,1
22.662,1,46,0
22.995,5,-2,0
23.179,3,67,1
24.516,2,23,0
24.628,4,71,1
24.662,1,21,0
24.995,5,77,1
25.18,3,-36,0
26.516,2,40,0
26.628,4,29,0
26.662,1,86,1
26.995,5,-1,0
27.179,3,55,0
28.516,2,25,0
28.628,4,34,0
28.662,1,83,1
28.995,5,57,0
29.18,3,-13,0
30.516,2,32,0
30.628,4,50,0
30.662,1,74,1
30.995,5,8,0
31.179,3,51,0
32.516,2,-10,0
32.629,4,-15,0
32.662,1,98,1
32.995,5,88,1
33.179,3,93,1
34.516,2,93,1
34.628,4,48,0
34.662,1,83,1
34.995,5,58,0
35.18,3,100,1
36.516,2,56,0
36.628,4,-1,0
36.662,1,24,0
36.995,5,76,1
37.18,3,-33,0
38.516,2,63,1
38.628,4,60,0
38.662,1,-3,0
38.995,5,0,0
39.18,3,100,1
40.516,2,93,1
40.628,4,17,0
40.662,1,58,0
40.995,5,52,0
41.18,3,-18,0
42.516,2,16,0
42.628,4,53,0
42.662,1,68,1
42.995,5,1,0
43.18,3,-16,0
44.516,2,60,0
44.628,4,-8,0
44.662,1,74,1
44.995,5,100,1
45.179,3,6,0
46.516,2,31,0
46.628,4,31,0
46.662,1,21,0
46.995,5,61,1
47.18,3,-44,0
48.516,2,58,0
48.628,4,-1,0
48.662,1,100,1
48.995,5,40,0
49.18,3,-22,0
50.516,2,94,1
50.628,4,-7,0
50.662,1,31,0
50.995,5,56,0
51.179,3,11,0
52.516,2,6,0
52.628,4,7,0
52.662,1,28,0
52.995,5,-15,0
53.18,3,-36,0
54.516,2,20,0
54.629,4,-24,0
54.662,1,22,0
54.995,5,100,1
55.179,3,-2,0
56.516,2,13,0
56.629,4,-31,0
56.662,1,21,0
56.995,5,42,0
57.18,3,-19,0
58.516,2,38,0
58.628,4,-8,0
58.662,1,-6,0
58.995,5,72,1
59.179,3,78,1
60.516,2,2,0
60.628,4,37,0
60.662,1,43,0
60.995,5,77,1
61.179,3,-3,0
62.516,2,48,0
62.629,4,-41,0
62.662,1,30,0
62.995,5,58,0
63.18,3,-19,0
64.516,2,-12,0
64.628,4,51,0
64.662,1,40,0
64.995,5,-1,0
65.179,3,62,1
66.516,2,44,0
66.628,4,23,0
66.662,1,57,0
66.995,5,75,1
67.179,3,76,1
68.516,2,57,0
68.628,4,85,1
68.662,1,23,0
68.995,5,79,1
69.179,3,51,0
70.516,2,48,0
70.628,4,-7,0
70.662,1,100,1
70.995,5,71,1
71.18,3,-20,0
72.516,2,30,0
72.628,4,36,0
72.662,1,100,1
72.995,5,-38,0
73.179,3,41,0
74.516,2,78,1
74.628,4,68,1
74.662,1,75,1
74.995,5,-30,0
75.179,3,0,0
76.51599999999999,2,-8,0
76.629,4,100,1
76.662,1,39,0
76.995,5,57,0
77.18,3,-15,0
78.51599999999999,2,2,0
78.628,4,0,0
78.662,1,84,1
78.995,5,-1,0
79.179,3,1,0
80.51599999999999,2,7,0
80.629,4,-25,0
80.662,1,21,0
80.995,5,-19,0
81.179,3,54,0
82.51599999999999,2,53,0
82.629,4,100,1
82.662,1,-6,0
82.995,5,34,0
83.179,3,67,1
84.51599999999999,2,-18,0
84.628,4,11,0
84.662,1,-28,0
84.995,5,1,0
85.18,3,100,1
86.51599999999999,2,86,1
86.628,4,14,0
86.662,1,-44,0
86.995,5,39,0
87.179,3,50,0
88.51599999999999,2,-2,0
88.629,4,-41,0
88.662,1,40,0
88.995,5,2,0
89.179,3,21,0
90.51599999999999,2,-22,0
90.628,4,-6,0
90.662,1,35,0
90.995,5,2,0
91.18,3,-14,0
92.51599999999999,2,14,0
92.628,4,47,0
92.662,1,18,0
92.995,5,88,1
93.18,3,-10,0
94.51599999999999,2,35,0
94.628,4,13,0
94.662,1,-7,0
94.995,5,30,0
95.179,3,52,0
96.51599999999999,2,-15,0
96.628,4,2,0
96.662,1,82,1
96.995,5,51,0
97.179,3,99,1
98.51599999999999,2,-14,0
98.62899999999999,4,100,1
98.662,1,74,1
98.995,5,75,1
99.18,3,-41,0
100.51599999999999,2,-8,0
100.628,4,32,0
100.662,1,17,0
100.995,5,-33,0
101.179,3,12,0
102.51599999999999,2,49,0
102.628,4,71,1
102.662,1,76,1
102.995,5,64,1
103.179,3,-3,0
104.51599999999999,2,47,0
104.628,4,-3,0
104.662,1,72,1
104.995,5,53,0
105.179,3,22,0
106.51599999999999,2,46,0
106.628,4,82,1
106.662,1,85,1
106.995,5,27,0
107.179,3,-9,0
108.51599999999999,2,44,0
108.62899999999999,4,-24,0
108.662,1,60,0
108.995,5,-20,0
109.179,3,12,0
110.51599999999999,2,-20,0
110.628,4,74,1
110.662,1,49,0
110.995,5,86,1
111.179,3,17,0
112.51599999999999,2,36,0
112.628,4,43,0
112.662,1,81,1
112.995,5,-22,0
113.179,3,7,0
114.51599999999999,2,59,0
114.628,4,42,0
114.662,1,90,1
114.995,5,76,1
115.179,3,73,1
116.51599999999999,2,87,1
116.628,4,67,1
116.662,1,77,1
116.995,5,-8,0
117.179,3,57,0
118.51599999999999,2,78,1
118.62899999999999,4,-14,0
118.662,1,-22,0
118.995,5,86,1
119.179,3,77,1
120.516,2,47,0
120.628,4,41,0
120.662,1,50,0
120.995,5,38,0
121.179,3,44,0
122.516,2,19,0
122.628,4,20,0
122.662,1,-6,0
122.995,5,0,0
123.179,3,80,1
124.516,2,-15,0
124.628,4,48,0
124.662,1,69,1
124.995,5,94,1
125.18,3,-34,0
126.516,2,69,1
126.628,4,1,0
126.662,1,65,1
126.995,5,5,0
127.179,3,33,0
128.516,2,-19,0
128.628,4,66,1
128.662,1,34,0
128.995,5,78,1
129.179,3,-7,0
130.516,2,81,1
130.628,4,30,0
130.662,1,-27,0
130.995,5,17,0
131.179,3,88,1
132.516,2,-29,0
132.628,4,51,0
132.662,1,42,0
132.995,5,81,1
133.179,3,21,0
134.516,2,97,1
134.628,4,2,0
134.662,1,19,0
134.995,5,40,0
135.18,3,-11,0
136.516,2,63,1
136.628,4,75,1
136.662,1,39,0
136.995,5,18,0
137.18,3,-14,0
138.516,2,5,0
138.628,4,95,1
138.662,1,98,1
138.995,5,67,1
139.18,3,-43,0
140.516,2,59,0
140.628,4,25,0
140.662,1,56,0
140.995,5,89,1
141.18,3,-23,0
142.516,2,95,1
142.629,4,-44,0
142.662,1,57,0
142.995,5,95,1
143.18,3,-17,0
144.516,2,80,1
144.628,4,62,1
144.662,1,71,1
144.995,5,-10,0
145.18,3,-12,0
146.516,2,16,0
146.628,4,87,1
146.662,1,-42,0
146.995,5,80,1
147.179,3,9,0
148.516,2,41,0
148.629,4,-16,0
148.662,1,67,1
148.995,5,-42,0
149.179,3,35,0
150.516,2,-4,0
150.628,4,22,0
150.662,1,-17,0
150.995,5,31,0
151.18,3,-11,0
152.516,2,75,1
152.628,4,29,0
152.662,1,35,0
152.995,5,-16,0
153.18,3,-31,0
154.516,2,-23,0
154.628,4,0,0
154.662,1,61,1
154.995,5,82,1
155.18,3,100,1
156.516,2,60,0
156.628,4,40,0
156.662,1,70,1
156.995,5,10,0
157.18,3,-15,0
158.516,2,54,0
158.628,4,89,1
158.662,1,34,0
158.995,5,-17,0
159.179,3,49,0
160.516,2,-24,0
160.628,4,96,1
160.662,1,42,0
160.995,5,10,0
161.179,3,81,1
162.516,2,1,0
162.628,4,2,0
162.662,1,41,0
162.995,5,63,1
163.179,3,42,0
164.516,2,70,1
164.628,4,-4,0
164.662,1,22,0
164.995,5,40,0
165.179,3,33,0
166.516,2,-14,0
166.628,4,78,1
166.662,1,5,0
166.995,5,-22,0
167.179,3,97,1
168.516,2,58,0
168.628,4,54,0
168.662,1,82,1
168.995,5,50,0
169.179,3,-7,0
170.516,2,36,0
170.628,4,42,0
170.662,1,13,0
170.995,5,9,0
171.18,3,100,1
172.516,2,-12,0
172.628,4,-4,0
172.662,1,87,1
172.995,5,43,0
173.179,3,75,1
174.516,2,71,1
174.628,4,68,1
174.662,1,12,0
174.995,5,22,0
175.179,3,29,0
176.516,2,42,0
176.629,4,-18,0
176.662,1,-9,0
176.995,5,98,1
177.179,3,12,0
178.516,2,20,0
178.629,4,-19,0
178.662,1,60,0
178.995,5,67,1
179.179,3,21,0
180.516,2,99,1
180.628,4,83,1
180.662,1,77,1
180.995,5,40,0
181.179,3,81,1
182.516,2,-14,0
182.628,4,73,1
182.662,1,36,0
182.995,5,3,0
183.179,3,62,1
184.516,2,77,1
184.628,4,4,0
184.662,1,-10,0
184.995,5,30,0
185.179,3,63,1
186.516,2,32,0
186.629,4,-21,0
186.662,1,30,0
186.995,5,5,0
187.179,3,58,0
188.516,2,49,0
188.628,4,39,0
188.662,1,-19,0
188.995,5,22,0
189.179,3,52,0
190.516,2,86,1
190.628,4,75,1
190.662,1,-14,0
190.995,5,9,0
191.179,3,20,0
192.516,2,35,0
192.628,4,12,0
192.662,1,85,1
192.995,5,43,0
193.179,3,1,0
194.516,2,49,0
194.628,4,94,1
194.662,1,51,0
194.995,5,-9,0
195.179,3,31,0
196.516,2,2,0
196.628,4,13,0
196.662,1,100,1
196.995,5,59,0
197.179,3,48,0
198.516,2,77,1
198.628,4,7,0
198.662,1,39,0
198.995,5,45,0
199.179,3,30,0
200.516,2,92,1
200.628,4,85,1
200.662,1,-30,0
200.995,5,-24,0
201.18,3,-37,0
202.516,2,74,1
202.628,4,33,0
202.662,1,52,0
202.995,5,55,0
203.179,3,76,1
204.516,2,100,1
204.629,4,100,1
204.662,1,28,0
204.995,5,32,0
205.179,3,30,0
206.516,2,18,0
206.628,4,74,1
206.662,1,71,1
206.995,5,-44,0
207.18,3,-19,0
208.516,2,68,1
208.629,4,100,1
208.662,1,32,0
208.995,5,31,0
209.179,3,84,1
210.516,2,76,1
210.628,4,85,1
210.662,1,19,0
210.995,5,-44,0
211.179,3,28,0
212.516,2,71,1
212.628,4,18,0
212.662,1,57,0
212.995,5,97,1
213.18,3,-16,0
214.516,2,-17,0
214.628,4,42,0
214.662,1,-34,0
214.995,5,100,1
215.179,3,45,0
216.516,2,58,0
216.628,4,10,0
216.662,1,1,0
216.995,5,67,1
217.179,3,14,0
218.516,2,53,0
218.629,4,-23,0
218.662,1,83,1
218.995,5,12,0
219.179,3,88,1
220.516,2,100,1
220.628,4,45,0
220.662,1,33,0
220.995,5,49,0
221.179,3,41,0
222.516,2,4,0
222.628,4,60,0
222.662,1,-14,0
222.995,5,58,0
223.179,3,22,0
224.516,2,44,0
224.628,4,20,0
224.662,1,100,1
224.995,5,46,0
225.179,3,14,0
226.516,2,-13,0
226.628,4,19,0
226.662,1,-21,0
226.995,5,27,0
227.179,3,56,0
228.516,2,59,0
228.629,4,100,1
228.662,1,27,0
228.995,5,8,0
229.18,3,-15,0
230.516,2,9,0
230.628,4,16,0
230.662,1,11,0
230.995,5,14,0
231.179,3,63,1
232.516,2,40,0
232.628,4,22,0
232.662,1,23,0
232.995,5,23,0
233.179,3,21,0
234.516,2,18,0
234.628,4,43,0
234.662,1,-7,0
234.995,5,43,0
235.179,3,18,0
236.516,2,-36,0
236.628,4,53,0
236.662,1,-40,0
236.995,5,57,0
237.18,3,-12,0
238.516,2,93,1
238.628,4,38,0
238.662,1,-13,0
238.995,5,39,0
239.179,3,78,1
240.516,2,28,0
240.629,4,-22,0
240.662,1,43,0
240.995,5,64,1
241.179,3,-7,0
242.516,2,-7,0
242.629,4,-23,0
242.662,1,1,0
242.995,5,14,0
243.18,3,-35,0
244.516,2,22,0
244.628,4,70,1
244.662,1,73,1
244.995,5,84,1
245.179,3,56,0
246.516,2,36,0
246.628,4,10,0
246.662,1,-16,0
246.995,5,62,1
247.179,3,23,0
248.516,2,100,1
248.628,4,3,0
248.662,1,7,0
248.995,5,79,1
249.179,3,33,0
250.516,2,-40,0
250.629,4,100,1
250.662,1,-7,0
250.995,5,87,1
251.179,3,32,0
252.516,2,24,0
252.629,4,-43,0
252.662,1,-5,0
252.995,5,31,0
253.179,3,33,0
254.516,2,99,1
254.629,4,-41,0
254.662,1,94,1
254.995,5,-16,0
255.179,3,39,0
256.516,2,100,1
256.628,4,55,0
256.662,1,67,1
256.995,5,4,0
257.18,3,-15,0
258.516,2,78,1
258.628,4,89,1
258.662,1,40,0
258.995,5,-39,0
259.179,3,51,0
260.516,2,9,0
260.629,4,-33,0
260.662,1,28,0
260.995,5,13,0
261.179,3,71,1
262.516,2,69,1
262.628,4,69,1
262.662,1,51,0
262.995,5,26,0
263.18,3,-14,0
264.516,2,32,0
264.628,4,51,0
264.662,1,-18,0
264.995,5,20,0
265.179,3,1,0
266.516,2,54,0
266.629,4,-13,0
266.662,1,2,0
266.995,5,59,0
267.179,3,61,1
268.516,2,76,1
268.628,4,33,0
268.662,1,-28,0
268.995,5,32,0
269.179,3,75,1
270.516,2,-7,0
270.628,4,-3,0
270.662,1,-9,0
270.995,5,-1,0
271.179,3,-5,0
272.516,2,-13,0
272.628,4,49,0
272.662,1,29,0
272.995,5,-13,0
273.179,3,91,1
274.516,2,27,0
274.628,4,79,1
274.662,1,96,1
274.995,5,14,0
275.179,3,43,0
276.516,2,77,1
276.629,4,-37,0
276.662,1,59,0
276.995,5,82,1
277.179,3,10,0
278.516,2,31,0
278.629,4,-23,0
278.662,1,46,0
278.995,5,88,1
279.179,3,77,1
280.516,2,82,1
280.628,4,68,1
280.662,1,-12,0
280.995,5,-24,0
281.179,3,55,0
282.516,2,-41,0
282.628,4,76,1
282.662,1,36,0
282.995,5,-1,0
283.179,3,48,0
284.516,2,-10,0
284.628,4,26,0
284.662,1,-8,0
284.995,5,64,1
285.179,3,93,1
286.516,2,35,0
286.628,4,7,0
286.662,1,39,0
286.995,5,100,1
287.179,3,31,0
288.516,2,27,0
288.628,4,41,0
288.662,1,91,1
288.995,5,78,1
289.18,3,-41,0
290.516,2,95,1
290.628,4,12,0
290.662,1,84,1
290.995,5,-17,0
291.179,3,86,1
292.516,2,19,0
292.628,4,54,0
292.662,1,24,0
292.995,5,49,0
293.179,3,79,1
294.516,2,-1,0
294.628,4,96,1
294.662,1,-7,0
294.995,5,21,0
295.179,3,90,1
296.516,2,43,0
296.628,4,71,1
296.662,1,-24,0
296.995,5,32,0
297.18,3,-16,0
298.516,2,16,0
298.628,4,15,0
298.662,1,-6,0
298.995,5,53,0
299.18,3,-27,0
300.516,2,82,1
300.628,4,0,0
300.662,1,80,1
300.995,5,87,1
301.18,3,-22,0
302.516,2,30,0
302.628,4,20,0
302.662,1,-22,0
302.995,5,7,0
303.179,3,98,1
304.516,2,91,1
304.628,4,91,1
304.662,1,71,1
304.995,5,71,1
305.179,3,91,1
306.516,2,27,0
306.628,4,14,0
306.662,1,-37,0
306.995,5,78,1
307.179,3,71,1
308.516,2,-19,0
308.628,4,33,0
308.662,1,85,1
308.995,5,-26,0
309.179,3,7,0
310.516,2,78,1
310.628,4,69,1
310.662,1,-11,0
310.995,5,32,0
311.179,3,41,0
312.516,2,60,0
312.628,4,-6,0
312.662,1,0,0
312.995,5,99,1
313.179,3,19,0
314.516,2,50,0
314.629,4,-14,0
314.662,1,62,1
314.995,5,-1,0
315.179,3,-2,0
316.516,2,-5,0
316.629,4,-24,0
316.662,1,-20,0
316.995,5,72,1
317.179,3,91,1
318.516,2,-22,0
318.628,4,70,1
318.662,1,68,1
318.995,5,81,1
319.179,3,34,0
320.516,2,98,1
320.628,4,74,1
320.662,1,45,0
320.995,5,42,0
321.179,3,86,1
322.516,2,38,0
322.628,4,60,0
322.662,1,5,0
322.995,5,73,1
323.179,3,47,0
324.516,2,93,1
324.628,4,87,1
324.662,1,96,1
324.995,5,-1,0
325.179,3,70,1
326.516,2,-24,0
326.629,4,100,1
326.662,1,59,0
326.995,5,19,0
327.18,3,100,1
328.516,2,73,1
328.628,4,53,0
328.662,1,-10,0
328.995,5,35,0
329.18,3,-10,0
330.516,2,5,0
330.628,4,83,1
330.662,1,74,1
330.995,5,14,0
331.179,3,62,1
332.516,2,-19,0
332.628,4,84,1
332.662,1,78,1
332.995,5,-13,0
333.179,3,10,0
334.516,2,9,0
334.628,4,22,0
334.662,1,98,1
334.995,5,18,0
335.179,3,66,1
336.516,2,-37,0
336.628,4,-6,0
336.662,1,83,1
336.995,5,40,0
337.179,3,74,1
338.516,2,79,1
338.628,4,69,1
338.662,1,64,1
338.995,5,64,1
339.179,3,74,1
340.516,2,14,0
340.628,4,70,1
340.662,1,37,0
340.995,5,-38,0
341.18,3,-33,0
342.516,2,91,1
342.629,4,-31,0
342.662,1,-24,0
342.995,5,84,1
343.179,3,40,0
344.516,2,100,1
344.628,4,57,0
344.662,1,7,0
344.995,5,47,0
345.179,3,47,0
346.516,2,-38,0
346.628,4,41,0
346.662,1,46,0
346.995,5,2,0
347.179,3,44,0
348.516,2,60,0
348.629,4,-22,0
348.662,1,73,1
348.995,5,55,0
349.179,3,11,0
350.516,2,-7,0
350.628,4,6,0
350.662,1,84,1
350.995,5,-20,0
351.179,3,32,0
352.516,2,22,0
352.628,4,78,1
352.662,1,-6,0
352.995,5,41,0
353.18,3,-35,0
354.516,2,-12,0
354.628,4,1,0
354.662,1,95,1
354.995,5,20,0
355.179,3,7,0
356.516,2,100,1
356.628,4,42,0
356.662,1,17,0
356.995,5,45,0
357.179,3,84,1
358.516,2,-15,0
358.628,4,22,0
358.662,1,72,1
358.995,5,65,1
359.18,3,-17,0
360.516,2,17,0
360.629,4,-14,0
360.662,1,-10,0
360.995,5,33,0
361.18,3,-41,0
362.516,2,46,0
362.629,4,-21,0
362.662,1,27,0
362.995,5,-42,0
363.18,3,-20,0
364.516,2,5,0
364.628,4,49,0
364.662,1,46,0
364.995,5,8,0
365.179,3,45,0
366.516,2,60,0
366.628,4,63,1
366.662,1,91,1
366.995,5,32,0
367.179,3,94,1
368.516,2,65,1
368.628,4,34,0
368.662,1,70,1
368.995,5,-36,0
369.18,3,100,1
370.516,2,-28,0
370.628,4,22,0
370.662,1,-23,0
370.995,5,53,0
371.18,3,-13,0
372.516,2,42,0
372.628,4,73,1
372.662,1,89,1
372.995,5,46,0
373.18,3,100,1
374.516,2,-10,0
374.628,4,99,1
374.662,1,51,0
374.995,5,38,0
375.179,3,14,0
376.516,2,-7,0
376.628,4,26,0
376.662,1,29,0
376.995,5,75,1
377.18,3,-23,0
378.516,2,51,0
378.628,4,79,1
378.662,1,100,1
378.995,5,93,1
379.179,3,65,1
380.516,2,43,0
380.628,4,52,0
380.662,1,-14,0
380.995,5,-12,0
381.179,3,60,0
382.516,2,-21,0
382.628,4,47,0
382.662,1,100,1
382.995,5,28,0
383.179,3,41,0
384.516,2,71,1
384.628,4,69,1
384.662,1,19,0
384.995,5,15,0
385.179,3,17,0
386.516,2,10,0
386.628,4,2,0
386.662,1,67,1
386.995,5,-30,0
387.179,3,59,0
388.516,2,7,0
388.629,4,-32,0
388.662,1,75,1
388.995,5,66,1
389.179,3,40,0
390.516,2,5,0
390.628,4,46,0
390.662,1,43,0
390.995,5,8,0
391.179,3,48,0
392.516,2,5,0
392.628,4,31,0
392.662,1,75,1
392.995,5,26,0
393.179,3,81,1
394.516,2,58,0
394.628,4,45,0
394.662,1,52,0
394.995,5,91,1
395.18,3,100,1
396.516,2,28,0
396.628,4,41,0
396.662,1,-31,0
396.995,5,60,0
397.179,3,67,1
398.516,2,100,1
398.628,4,18,0
398.662,1,71,1
398.995,5,49,0
399.18,3,-33,0
400.516,2,40,0
400.628,4,16,0
400.662,1,-33,0
400.995,5,69,1
401.179,3,8,0
402.516,2,-23,0
402.629,4,-10,0
402.662,1,-17,0
402.995,5,29,0
403.179,3,16,0
404.516,2,93,1
404.629,4,-18,0
404.662,1,51,0
404.995,5,40,0
405.18,3,-15,0
406.516,2,1,0
406.628,4,-3,0
406.662,1,3,0
406.995,5,-5,0
407.179,3,-1,0
408.516,2,69,1
408.628,4,22,0
408.662,1,42,0
408.995,5,-32,0
409.179,3,-5,0
410.516,2,-19,0
410.629,4,-14,0
410.662,1,11,0
410.995,5,100,1
411.179,3,-4,0
412.516,2,5,0
412.628,4,32,0
412.662,1,60,0
412.995,5,17,0
413.179,3,71,1
414.516,2,77,1
414.629,4,-19,0
414.662,1,60,0
414.995,5,79,1
415.179,3,29,0
416.516,2,13,0
416.628,4,26,0
416.662,1,39,0
416.995,5,0,0
417.18,3,-13,0
418.516,2,3,0
418.628,4,67,1
418.662,1,82,1
418.995,5,69,1
419.18,3,-20,0
420.516,2,13,0
420.628,4,6,0
420.662,1,67,1
420.995,5,17,0
421.179,3,60,0
422.516,2,-13,0
422.628,4,29,0
422.662,1,100,1
422.995,5,-1,0
423.179,3,83,1
424.516,2,48,0
424.628,4,43,0
424.662,1,0,0
424.995,5,10,0
425.179,3,15,0
426.516,2,36,0
426.628,4,4,0
426.662,1,-25,0
426.995,5,61,1
427.179,3,93,1
428.516,2,30,0
428.628,4,4,0
428.662,1,73,1
428.995,5,-39,0
429.179,3,92,1
430.516,2,5,0
430.628,4,17,0
430.662,1,-11,0
430.995,5,-12,0
431.179,3,21,0
432.516,2,75,1
432.629,4,-11,0
432.662,1,-20,0
432.995,5,64,1
433.179,3,40,0
434.516,2,79,1
434.628,4,67,1
434.662,1,32,0
434.995,5,89,1
435.179,3,20,0
436.516,2,-7,0
436.628,4,44,0
436.662,1,8,0
436.995,5,94,1
437.179,3,59,0
438.516,2,44,0
438.628,4,40,0
438.662,1,3,0
438.995,5,0,0
439.18,3,-41,0
440.516,2,43,0
440.628,4,29,0
440.662,1,50,0
440.995,5,2,0
441.18,3,100,1
442.516,2,-37,0
442.628,4,38,0
442.662,1,-12,0
442.995,5,78,1
443.18,3,-22,0
444.516,2,67,1
444.629,4,-22,0
444.662,1,24,0
444.995,5,1,0
445.179,3,65,1
446.516,2,16,0
446.628,4,20,0
446.662,1,4,0
446.995,5,52,0
447.179,3,28,0
448.516,2,60,0
448.628,4,35,0
448.662,1,50,0
448.995,5,-20,0
449.179,3,5,0
450.516,2,-22,0
450.628,4,66,1
450.662,1,-21,0
450.995,5,29,0
451.179,3,87,1
452.516,2,38,0
452.628,4,-5,0
452.662,1,70,1
452.995,5,-41,0
453.179,3,67,1
454.516,2,66,1
454.628,4,51,0
454.662,1,-22,0
454.995,5,-27,0
455.179,3,28,0
456.516,2,-11,0
456.628,4,86,1
456.662,1,46,0
456.995,5,9,0
457.18,3,-23,0
458.516,2,82,1
458.628,4,88,1
458.662,1,6,0
458.995,5,79,1
459.179,3,12,0
460.516,2,71,1
460.628,4,84,1
460.662,1,22,0
460.995,5,68,1
461.179,3,55,0
462.516,2,-40,0
462.629,4,-30,0
462.662,1,20,0
462.995,5,-25,0
463.18,3,-35,0
464.516,2,44,0
464.628,4,79,1
464.662,1,33,0
464.995,5,9,0
465.179,3,84,1
466.516,2,82,1
466.628,4,53,0
466.662,1,44,0
466.995,5,51,0
467.18,3,100,1
468.516,2,100,1
468.628,4,16,0
468.662,1,-24,0
468.995,5,13,0
469.18,3,100,1
470.516,2,53,0
470.628,4,62,1
470.662,1,6,0
470.995,5,-17,0
471.18,3,100,1
472.516,2,16,0
472.628,4,68,1
472.662,1,-32,0
472.995,5,-14,0
473.179,3,40,0
474.516,2,57,0
474.628,4,89,1
474.662,1,33,0
474.995,5,12,0
475.18,3,-20,0
476.516,2,-18,0
476.629,4,-44,0
476.662,1,88,1
476.995,5,100,1
477.179,3,62,1
478.516,2,27,0
478.628,4,98,1
478.662,1,77,1
478.995,5,8,0
479.179,3,22,0
480.516,2,61,1
480.628,4,51,0
480.662,1,76,1
480.995,5,100,1
481.179,3,66,1
482.516,2,70,1
482.628,4,44,0
482.662,1,0,0
482.995,5,-32,0
483.18,3,-26,0
484.516,2,-23,0
484.628,4,47,0
484.662,1,68,1
484.995,5,1,0
485.179,3,77,1
486.516,2,26,0
486.629,4,-13,0
486.662,1,27,0
486.995,5,-10,0
487.179,3,49,0
488.516,2,55,0
488.628,4,35,0
488.662,1,87,1
488.995,5,3,0
489.179,3,63,1
490.516,2,38,0
490.628,4,21,0
490.662,1,85,1
490.995,5,-6,0
491.179,3,72,1
492.516,2,26,0
492.628,4,0,0
492.662,1,11,0
492.995,5,40,0
493.179,3,86,1
494.516,2,72,1
494.628,4,88,1
494.662,1,29,0
494.995,5,5,0
495.179,3,90,1
496.516,2,-4,0
496.629,4,-15,0
496.662,1,97,1
496.995,5,30,0
497.179,3,41,0
498.516,2,-9,0
498.628,4,63,1
498.662,1,18,0
498.995,5,56,0
499.179,3,25,0
500.516,2,82,1
500.628,4,76,1
500.662,1,4,0
500.995,5,73,1
501.179,3,79,1
502.516,2,49,0
502.629,4,-23,0
502.662,1,77,1
502.995,5,14,0
503.179,3,86,1
504.516,2,69,1
504.628,4,8,0
504.662,1,67,1
504.995,5,91,1
505.179,3,6,0
506.516,2,57,0
506.628,4,-7,0
506.662,1,81,1
506.995,5,34,0
507.179,3,98,1
508.516,2,62,1
508.629,4,-19,0
508.662,1,-3,0
508.995,5,26,0
509.18,3,-19,0
510.516,2,45,0
510.628,4,90,1
510.662,1,47,0
510.995,5,-13,0
511.179,3,27,0
512.516,2,0,0
512.628,4,58,0
512.662,1,52,0
512.995,5,6,0
513.179,3,9,0
514.516,2,-13,0
514.628,4,61,1
514.662,1,-32,0
514.995,5,80,1
515.179,3,6,0
516.516,2,-20,0
516.629,4,-11,0
516.662,1,-4,0
516.995,5,79,1
517.179,3,90,1
518.516,2,-3,0
518.629,4,-13,0
518.662,1,75,1
518.995,5,35,0
519.179,3,65,1
520.516,2,14,0
520.628,4,72,1
520.662,1,38,0
520.995,5,93,1
521.179,3,15,0
522.516,2,82,1
522.629,4,-23,0
522.662,1,21,0
522.995,5,100,1
523.179,3,62,1
524.516,2,-20,0
524.628,4,13,0
524.662,1,-14,0
524.995,5,7,0
525.179,3,19,0
526.516,2,-20,0
526.629,4,100,1
526.662,1,86,1
526.995,5,-2,0
527.18,3,-41,0
528.516,2,28,0
528.629,4,-17,0
528.662,1,71,1
528.995,5,46,0
529.179,3,46,0
530.516,2,53,0
530.628,4,47,0
530.662,1,36,0
530.995,5,44,0
531.179,3,50,0
532.516,2,-21,0
532.628,4,62,1
532.662,1,43,0
532.995,5,63,1
533.18,3,-40,0
534.516,2,36,0
534.628,4,17,0
534.662,1,86,1
534.995,5,48,0
535.179,3,67,1
536.516,2,40,0
536.628,4,0,0
536.662,1,-5,0
536.995,5,-40,0
537.179,3,20,0
538.516,2,-17,0
538.629,4,-23,0
538.662,1,-14,0
538.995,5,39,0
539.18,3,-20,0
540.516,2,56,0
540.629,4,-23,0
540.662,1,-18,0
540.995,5,31,0
541.179,3,49,0
542.516,2,18,0
542.629,4,-20,0
542.662,1,0,0
542.995,5,54,0
543.179,3,92,1
544.516,2,-1,0
544.629,4,-29,0
544.662,1,-17,0
544.995,5,68,1
545.179,3,-5,0
546.516,2,97,1
546.628,4,57,0
546.662,1,60,0
546.995,5,74,1
547.18,3,-16,0
548.516,2,43,0
548.629,4,-17,0
548.662,1,65,1
548.995,5,-19,0
549.179,3,5,0
550.516,2,0,0
550.628,4,67,1
550.662,1,45,0
550.995,5,-23,0
551.179,3,-9,0
552.516,2,78,1
552.629,4,100,1
552.662,1,4,0
552.995,5,93,1
553.179,3,26,0
554.516,2,52,0
554.629,4,-27,0
554.662,1,41,0
554.995,5,49,0
555.18,3,-18,0
556.516,2,-2,0
556.628,4,73,1
556.662,1,-19,0
556.995,5,5,0
557.179,3,76,1
558.516,2,45,0
558.629,4,-31,0
558.662,1,0,0
558.995,5,99,1
559.179,3,70,1
560.516,2,39,0
560.628,4,98,1
560.662,1,60,0
560.995,5,77,1
561.179,3,18,0
562.516,2,25,0
562.628,4,55,0
562.662,1,81,1
562.995,5,80,1
563.18,3,-15,0
564.516,2,66,1
564.628,4,39,0
564.662,1,77,1
564.995,5,-37,0
565.179,3,75,1
566.516,2,75,1
566.628,4,-9,0
566.662,1,82,1
566.995,5,4,0
567.18,3,-22,0
568.516,2,6,0
568.628,4,64,1
568.662,1,60,0
568.995,5,10,0
569.179,3,53,0
570.516,2,-19,0
570.628,4,90,1
570.662,1,40,0
570.995,5,27,0
571.179,3,3,0
572.516,2,33,0
572.629,4,-20,0
572.662,1,27,0
572.995,5,-14,0
573.179,3,39,0
574.516,2,-11,0
574.629,4,-10,0
574.662,1,86,1
574.995,5,3,0
575.179,3,22,0
576.516,2,-3,0
576.628,4,77,1
576.662,1,95,1
576.995,5,44,0
577.179,3,9,0
578.516,2,48,0
578.628,4,32,0
578.662,1,34,0
578.995,5,26,0
579.18,3,-23,0
580.516,2,44,0
580.628,4,24,0
580.662,1,84,1
580.995,5,4,0
581.179,3,24,0
582.516,2,-15,0
582.628,4,0,0
582.662,1,-18,0
582.995,5,28,0
583.179,3,98,1
584.516,2,35,0
584.628,4,54,0
584.662,1,-19,0
584.995,5,23,0
585.179,3,85,1
586.516,2,13,0
586.628,4,73,1
586.662,1,-37,0
586.995,5,83,1
587.179,3,23,0
588.516,2,96,1
588.628,4,39,0
588.662,1,-9,0
588.995,5,-22,0
589.18,3,100,1
590.516,2,-4,0
590.628,4,84,1
590.662,1,-18,0
590.995,5,37,0
591.179,3,50,0
592.516,2,89,1
592.628,4,54,0
592.662,1,-21,0
592.995,5,99,1
593.179,3,29,0
594.516,2,85,1
594.628,4,82,1
594.662,1,24,0
594.995,5,13,0
595.179,3,41,0
596.516,2,42,0
596.628,4,3,0
596.662,1,21,0
596.995,5,24,0
597.18,3,-18,0
598.516,2,-5,0
598.628,4,94,1
598.662,1,-4,0
598.995,5,28,0
599.179,3,75,1
600.516,2,76,1
600.629,4,-11,0
600.662,1,14,0
600.995,5,31,0
601.18,3,-28,0
602.516,2,-14,0
602.628,4,72,1
602.662,1,81,1
602.995,5,-43,0
603.179,3,82,1
604.516,2,5,0
604.628,4,55,0
604.662,1,83,1
604.995,5,62,1
605.179,3,12,0
606.516,2,-4,0
606.629,4,-21,0
606.662,1,45,0
606.995,5,76,1
607.179,3,93,1
608.516,2,-26,0
608.629,4,-12,0
608.662,1,-33,0
608.995,5,96,1
609.179,3,1,0
610.516,2,51,0
610.628,4,46,0
610.662,1,15,0
610.995,5,66,1
611.179,3,91,1
612.516,2,-21,0
612.628,4,36,0
612.662,1,78,1
612.995,5,2,0
613.18,3,-15,0
614.516,2,-14,0
614.628,4,58,0
614.662,1,-22,0
614.995,5,41,0
615.179,3,34,0
616.516,2,-33,0
616.628,4,80,1
616.662,1,38,0
616.995,5,74,1
617.179,3,66,1
618.516,2,-39,0
618.628,4,87,1
618.662,1,-7,0
618.995,5,55,0
619.179,3,99,1
620.516,2,47,0
620.628,4,77,1
620.662,1,77,1
620.995,5,72,1
621.179,3,42,0
622.516,2,-26,0
622.628,4,12,0
622.662,1,32,0
622.995,5,59,0
623.179,3,86,1
624.516,2,33,0
624.629,4,-24,0
624.662,1,39,0
624.995,5,35,0
625.18,3,-18,0
626.516,2,71,1
626.628,4,-2,0
626.662,1,-26,0
626.995,5,-26,0
627.179,3,67,1
628.516,2,21,0
628.628,4,59,0
628.662,1,0,0
628.995,5,100,1
629.179,3,58,0
630.516,2,7,0
630.628,4,66,1
630.662,1,18,0
630.995,5,-10,0
631.179,3,57,0
632.516,2,40,0
632.628,4,51,0
632.662,1,89,1
632.995,5,87,1
633.179,3,-5,0
634.516,2,-38,0
634.628,4,53,0
634.662,1,40,0
634.995,5,56,0
635.18,3,-35,0
636.516,2,81,1
636.628,4,56,0
636.662,1,69,1
636.995,5,48,0
637.179,3,8,0
638.516,2,55,0
638.628,4,32,0
638.662,1,-9,0
638.995,5,31,0
639.179,3,74,1
640.516,2,-10,0
640.628,4,92,1
640.662,1,4,0
640.995,5,58,0
641.18,3,-24,0
642.516,2,85,1
642.628,4,39,0
642.662,1,35,0
642.995,5,89,1
643.18,3,-31,0
644.516,2,-2,0
644.629,4,-10,0
644.662,1,63,1
644.995,5,-34,0
645.179,3,-6,0
646.516,2,34,0
646.628,4,9,0
646.662,1,67,1
646.995,5,100,1
647.179,3,62,1
648.516,2,48,0
648.628,4,32,0
648.662,1,86,1
648.995,5,14,0
649.18,3,-15,0
650.516,2,66,1
650.629,4,100,1
650.662,1,71,1
650.995,5,14,0
651.179,3,20,0
652.516,2,-3,0
652.628,4,41,0
652.662,1,28,0
652.995,5,-10,0
653.179,3,92,1
654.516,2,28,0
654.628,4,40,0
654.662,1,20,0
654.995,5,48,0
655.179,3,32,0
656.516,2,61,1
656.628,4,15,0
656.662,1,49,0
656.995,5,43,0
657.18,3,-37,0
658.516,2,-17,0
658.628,4,3,0
658.662,1,93,1
658.995,5,59,0
659.18,3,-17,0
660.516,2,-5,0
660.628,4,41,0
660.662,1,100,1
660.995,5,1,0
661.18,3,100,1
662.516,2,6,0
662.628,4,37,0
662.662,1,23,0
662.995,5,20,0
663.18,3,-11,0
664.516,2,27,0
664.628,4,39,0
664.662,1,29,0
664.995,5,53,0
665.179,3,41,0
666.516,2,-35,0
666.628,4,98,1
666.662,1,42,0
666.995,5,37,0
667.18,3,-11,0
668.516,2,51,0
668.629,4,-17,0
668.662,1,50,0
668.995,5,-16,0
669.179,3,92,1
670.516,2,15,0
670.628,4,19,0
670.662,1,-15,0
670.995,5,29,0
671.179,3,70,1
672.516,2,-15,0
672.629,4,100,1
672.662,1,32,0
672.995,5,55,0
673.179,3,64,1
674.516,2,41,0
674.628,4,11,0
674.662,1,100,1
674.995,5,14,0
675.179,3,28,0
676.516,2,57,0
676.628,4,61,1
676.662,1,2,0
676.995,5,-10,0
677.18,3,-14,0
678.516,2,-32,0
678.628,4,65,1
678.662,1,53,0
678.995,5,0,0
679.18,3,-16,0
680.516,2,63,1
680.628,4,-9,0
680.662,1,64,1
680.995,5,71,1
681.179,3,37,0
682.516,2,52,0
682.628,4,27,0
682.662,1,87,1
682.995,5,77,1
683.179,3,62,1
684.516,2,92,1
684.628,4,57,0
684.662,1,-6,0
684.995,5,29,0
685.18,3,-41,0
686.516,2,-16,0
686.628,4,6,0
686.662,1,11,0
686.995,5,60,0
687.179,3,78,1
688.516,2,-42,0
688.628,4,-4,0
688.662,1,34,0
688.995,5,5,0
689.18,3,-33,0
690.516,2,12,0
690.628,4,63,1
690.662,1,-16,0
690.995,5,46,0
691.179,3,60,0
692.516,2,33,0
692.628,4,50,0
692.662,1,-20,0
692.995,5,83,1
693.179,3,1,0
694.516,2,-4,0
694.628,4,7,0
694.662,1,76,1
694.995,5,53,0
695.179,3,42,0
696.516,2,-11,0
696.628,4,79,1
696.662,1,29,0
696.995,5,79,1
697.18,3,-11,0
698.516,2,60,0
698.628,4,77,1
698.662,1,-9,0
698.995,5,61,1
699.179,3,28,0
700.516,2,40,0
700.629,4,-18,0
700.662,1,26,0
700.995,5,61,1
701.179,3,13,0
702.516,2,92,1
702.629,4,-15,0
702.662,1,2,0
702.995,5,75,1
703.179,3,16,0
704.516,2,-21,0
704.628,4,38,0
704.662,1,-30,0
704.995,5,23,0
705.179,3,29,0
706.516,2,53,0
706.629,4,100,1
706.662,1,93,1
706.995,5,63,1
707.179,3,58,0
708.516,2,9,0
708.628,4,78,1
708.662,1,78,1
708.995,5,9,0
709.179,3,86,1
710.516,2,14,0
710.628,4,-6,0
710.662,1,87,1
710.995,5,67,1
711.179,3,87,1
712.516,2,97,1
712.628,4,87,1
712.662,1,100,1
712.995,5,17,0
713.179,3,92,1
714.516,2,9,0
714.628,4,58,0
714.662,1,25,0
714.995,5,-23,0
715.179,3,74,1
716.516,2,20,0
716.628,4,39,0
716.662,1,61,1
716.995,5,79,1
717.179,3,80,1
718.516,2,-13,0
718.628,4,97,1
718.662,1,50,0
718.995,5,-6,0
719.179,3,34,0
720.516,2,-16,0
720.628,4,33,0
720.662,1,75,1
720.995,5,68,1
721.179,3,59,0
722.516,2,68,1
722.628,4,1,0
722.662,1,8,0
722.995,5,20,0
723.179,3,87,1
724.516,2,-15,0
724.628,4,75,1
724.662,1,5,0
724.995,5,55,0
725.18,3,-15,0
726.516,2,58,0
726.629,4,-24,0
726.662,1,6,0
726.995,5,8,0
727.179,3,90,1
728.516,2,-10,0
728.628,4,20,0
728.662,1,40,0
728.995,5,35,0
729.179,3,5,0
730.516,2,61,1
730.629,4,-10,0
730.662,1,64,1
730.995,5,-33,0
731.179,3,58,0
732.516,2,28,0
732.628,4,53,0
732.662,1,78,1
732.995,5,68,1
733.179,3,63,1
734.516,2,30,0
734.628,4,51,0
734.662,1,-23,0
734.995,5,-42,0
735.179,3,83,1
736.516,2,33,0
736.629,4,-19,0
736.662,1,8,0
736.995,5,91,1
737.179,3,82,1
738.516,2,52,0
738.628,4,28,0
738.662,1,66,1
738.995,5,59,0
739.18,3,-23,0
740.516,2,86,1
740.629,4,-24,0
740.662,1,3,0
740.995,5,39,0
741.179,3,84,1
742.516,2,27,0
742.628,4,23,0
742.662,1,59,0
742.995,5,11,0
743.179,3,80,1
744.516,2,45,0
744.629,4,-41,0
744.662,1,70,1
744.995,5,84,1
745.179,3,4,0
746.516,2,34,0
746.628,4,3,0
746.662,1,11,0
746.995,5,10,0
747.179,3,61,1
748.516,2,48,0
748.628,4,8,0
748.662,1,17,0
748.995,5,-42,0
749.179,3,83,1
750.516,2,26,0
750.628,4,57,0
750.662,1,31,0
750.995,5,77,1
751.179,3,1,0
752.516,2,45,0
752.628,4,12,0
752.662,1,86,1
752.995,5,100,1
753.18,3,-32,0
754.516,2,50,0
754.628,4,59,0
754.662,1,15,0
754.995,5,78,1
755.179,3,4,0
756.516,2,-44,0
756.628,4,82,1
756.662,1,-4,0
756.995,5,62,1
757.179,3,21,0
758.516,2,-39,0
758.628,4,70,1
758.662,1,4,0
758.995,5,11,0
759.179,3,68,1
760.516,2,35,0
760.628,4,-7,0
760.662,1,-19,0
760.995,5,-18,0
761.179,3,24,0
762.516,2,-32,0
762.628,4,12,0
762.662,1,84,1
762.995,5,42,0
763.179,3,63,1
764.516,2,100,1
764.629,4,-15,0
764.662,1,40,0
764.995,5,25,0
765.179,3,55,0
766.516,2,40,0
766.628,4,55,0
766.662,1,0,0
766.995,5,95,1
767.179,3,15,0
768.516,2,45,0
768.628,4,61,1
768.662,1,100,1
768.995,5,49,0
769.179,3,53,0
770.516,2,17,0
770.628,4,98,1
770.662,1,62,1
770.995,5,98,1
771.179,3,-3,0
772.516,2,16,0
772.628,4,-9,0
772.662,1,-16,0
772.995,5,64,1
773.179,3,44,0
774.516,2,71,1
774.628,4,96,1
774.662,1,18,0
774.995,5,-17,0
775.18,3,-22,0
776.516,2,57,0
776.628,4,73,1
776.662,1,49,0
776.995,5,81,1
777.179,3,45,0
778.516,2,9,0
778.628,4,-8,0
778.662,1,36,0
778.995,5,-19,0
779.18,3,-42,0
780.516,2,14,0
780.628,4,49,0
780.662,1,25,0
780.995,5,18,0
781.179,3,64,1
782.516,2,52,0
782.628,4,0,0
782.662,1,35,0
782.995,5,17,0
783.179,3,44,0
784.516,2,49,0
784.628,4,63,1
784.662,1,7,0
784.995,5,-41,0
785.179,3,66,1
786.516,2,59,0
786.628,4,15,0
786.662,1,-20,0
786.995,5,-7,0
787.18,3,100,1
788.516,2,-9,0
788.628,4,-5,0
788.662,1,27,0
788.995,5,-41,0
789.179,3,56,0
790.516,2,-44,0
790.628,4,57,0
790.662,1,21,0
790.995,5,-8,0
791.18,3,-24,0
792.516,2,14,0
792.628,4,58,0
792.662,1,63,1
792.995,5,25,0
793.18,3,-19,0
794.516,2,-33,0
794.628,4,89,1
794.662,1,62,1
794.995,5,-6,0
795.179,3,83,1
796.516,2,66,1
796.628,4,54,0
796.662,1,37,0
796.995,5,100,1
797.179,3,50,0
798.516,2,57,0
798.628,4,38,0
798.662,1,71,1
798.995,5,-16,0
799.18,3,-13,0
800.516,2,36,0
800.628,4,2,0
800.662,1,61,1
800.995,5,-23,0
801.179,3,92,1
802.516,2,34,0
802.628,4,21,0
802.662,1,81,1
802.995,5,55,0
803.179,3,48,0
804.516,2,26,0
804.628,4,78,1
804.662,1,0,0
804.995,5,100,1
805.18,3,-13,0
806.516,2,100,1
806.629,4,100,1
806.662,1,61,1
806.995,5,-2,0
807.179,3,-3,0
808.516,2,68,1
808.628,4,28,0
808.662,1,68,1
808.995,5,-12,0
809.18,3,-17,0
810.516,2,52,0
810.629,4,100,1
810.662,1,-33,0
810.995,5,20,0
811.179,3,36,0
812.516,2,20,0
812.628,4,81,1
812.662,1,-33,0
812.995,5,-32,0
813.179,3,93,1
814.516,2,-41,0
814.628,4,23,0
814.662,1,2,0
814.995,5,-20,0
815.179,3,1,0
816.516,2,27,0
816.628,4,4,0
816.662,1,49,0
816.995,5,-2,0
817.179,3,66,1
818.516,2,100,1
818.628,4,51,0
818.662,1,78,1
818.995,5,-24,0
819.179,3,45,0
820.516,2,61,1
820.629,4,-20,0
820.662,1,-32,0
820.995,5,17,0
821.179,3,33,0
822.516,2,27,0
822.628,4,3,0
822.662,1,9,0
822.995,5,21,0
823.179,3,5,0
824.516,2,-8,0
824.628,4,69,1
824.662,1,-26,0
824.995,5,-18,0
825.179,3,51,0
826.516,2,58,0
826.628,4,64,1
826.662,1,63,1
826.995,5,-6,0
827.18,3,-12,0
828.516,2,6,0
828.629,4,-36,0
828.662,1,70,1
828.995,5,46,0
829.179,3,68,1
830.516,2,65,1
830.629,4,100,1
830.662,1,19,0
830.995,5,-19,0
831.18,3,-10,0
832.516,2,42,0
832.628,4,80,1
832.662,1,15,0
832.995,5,26,0
833.18,3,-32,0
834.516,2,38,0
834.628,4,69,1
834.662,1,2,0
834.995,5,-1,0
835.179,3,33,0
836.516,2,80,1
836.628,4,26,0
836.662,1,72,1
836.995,5,-11,0
837.18,3,-22,0
838.516,2,59,0
838.628,4,24,0
838.662,1,6,0
838.995,5,-4,0
839.179,3,-9,0
840.516,2,13,0
840.629,4,-10,0
840.662,1,-8,0
840.995,5,-9,0
841.179,3,34,0
842.516,2,86,1
842.629,4,-22,0
842.662,1,-18,0
842.995,5,62,1
843.179,3,24,0
844.516,2,45,0
844.628,4,39,0
844.662,1,70,1
844.995,5,14,0
845.18,3,-41,0
846.516,2,68,1
846.629,4,-40,0
846.662,1,77,1
846.995,5,-9,0
847.179,3,34,0
848.516,2,65,1
848.628,4,73,1
848.662,1,-20,0
848.995,5,-8,0
849.179,3,69,1
850.516,2,91,1
850.629,4,-15,0
850.662,1,-32,0
850.995,5,27,0
851.179,3,48,0
852.516,2,74,1
852.629,4,100,1
852.662,1,25,0
852.995,5,25,0
853.179,3,78,1
854.516,2,20,0
854.628,4,49,0
854.662,1,36,0
854.995,5,53,0
855.179,3,65,1
856.516,2,50,0
856.628,4,67,1
856.662,1,1,0
856.995,5,15,0
857.179,3,-2,0
858.516,2,-10,0
858.628,4,38,0
858.662,1,31,0
858.995,5,-3,0
859.179,3,14,0
860.516,2,-30,0
860.629,4,-14,0
860.662,1,73,1
860.995,5,29,0
861.18,3,-32,0
862.516,2,-21,0
862.628,4,-3,0
862.662,1,-30,0
862.995,5,6,0
863.179,3,8,0
864.516,2,11,0
864.628,4,19,0
864.662,1,45,0
864.995,5,86,1
865.179,3,78,1
866.516,2,73,1
866.628,4,10,0
866.662,1,-29,0
866.995,5,92,1
867.179,3,9,0
868.516,2,43,0
868.628,4,46,0
868.662,1,-27,0
868.995,5,-5,0
869.179,3,57,0
870.516,2,7,0
870.628,4,29,0
870.662,1,-6,0
870.995,5,42,0
871.18,3,100,1
872.516,2,22,0
872.628,4,8,0
872.662,1,100,1
872.995,5,-11,0
873.179,3,68,1
874.516,2,-19,0
874.629,4,-36,0
874.662,1,65,1
874.995,5,26,0
875.179,3,68,1
876.516,2,89,1
876.628,4,4,0
876.662,1,-2,0
876.995,5,75,1
877.179,3,79,1
878.516,2,-7,0
878.628,4,1,0
878.662,1,-11,0
878.995,5,5,0
879.179,3,-3,0
880.516,2,21,0
880.629,4,-17,0
880.662,1,28,0
880.995,5,21,0
881.179,3,75,1
882.516,2,69,1
882.629,4,100,1
882.662,1,92,1
882.995,5,16,0
883.18,3,-39,0
884.516,2,-24,0
884.628,4,85,1
884.662,1,57,0
884.995,5,89,1
885.18,3,-20,0
886.516,2,85,1
886.628,4,13,0
886.662,1,26,0
886.995,5,-13,0
887.179,3,-6,0
888.516,2,91,1
888.628,4,56,0
888.662,1,3,0
888.995,5,-22,0
889.179,3,33,0
890.516,2,39,0
890.628,4,72,1
890.662,1,63,1
890.995,5,-17,0
891.179,3,15,0
892.516,2,34,0
892.628,4,60,0
892.662,1,31,0
892.995,5,-38,0
893.179,3,57,0
894.516,2,5,0
894.628,4,78,1
894.662,1,-11,0
894.995,5,74,1
895.179,3,62,1
896.516,2,80,1
896.628,4,95,1
896.662,1,70,1
896.995,5,-25,0
897.179,3,65,1
898.516,2,-6,0
898.628,4,76,1
898.662,1,64,1
898.995,5,42,0
899.18,3,-20,0
900.516,2,34,0
900.628,4,-8,0
900.662,1,71,1
900.995,5,16,0
901.179,3,13,0
902.516,2,43,0
902.628,4,53,0
902.662,1,10,0
902.995,5,-15,0
903.179,3,40,0
904.516,2,26,0
904.628,4,33,0
904.662,1,77,1
904.995,5,2,0
905.179,3,60,0
906.516,2,-7,0
906.628,4,70,1
906.662,1,5,0
906.995,5,-7,0
907.179,3,62,1
908.516,2,31,0
908.629,4,-44,0
908.662,1,6,0
908.995,5,-19,0
909.179,3,36,0
910.516,2,35,0
910.628,4,1,0
910.662,1,50,0
910.995,5,67,1
911.18,3,100,1
912.516,2,57,0
912.628,4,95,1
912.662,1,10,0
912.995,5,-44,0
913.179,3,3,0
914.516,2,54,0
914.628,4,72,1
914.662,1,53,0
914.995,5,73,1
915.18,3,-10,0
916.516,2,43,0
916.628,4,-6,0
916.662,1,19,0
916.995,5,83,1
917.179,3,51,0
918.516,2,11,0
918.628,4,77,1
918.662,1,-22,0
918.995,5,45,0
919.179,3,44,0
920.516,2,-19,0
920.628,4,52,0
920.662,1,16,0
920.995,5,82,1
921.18,3,-14,0
922.516,2,-31,0
922.628,4,-1,0
922.662,1,37,0
922.995,5,77,1
923.179,3,67,1
924.516,2,36,0
924.628,4,60,0
924.662,1,40,0
924.995,5,-9,0
925.179,3,48,0
926.516,2,18,0
926.628,4,-8,0
926.662,1,76,1
926.995,5,-41,0
927.179,3,5,0
928.516,2,22,0
928.628,4,32,0
928.662,1,70,1
928.995,5,45,0
929.18,3,100,1
930.516,2,43,0
930.628,4,76,1
930.662,1,39,0
930.995,5,60,0
931.179,3,92,1
932.516,2,40,0
932.628,4,10,0
932.662,1,63,1
932.995,5,68,1
933.179,3,98,1
934.516,2,50,0
934.628,4,36,0
934.662,1,4,0
934.995,5,-24,0
935.18,3,-10,0
936.516,2,53,0
936.628,4,0,0
936.662,1,47,0
936.995,5,-14,0
937.179,3,39,0
938.516,2,32,0
938.629,4,-11,0
938.662,1,13,0
938.995,5,8,0
939.179,3,51,0
940.516,2,-32,0
940.628,4,65,1
940.662,1,-20,0
940.995,5,93,1
941.179,3,-4,0
942.516,2,84,1
942.628,4,20,0
942.662,1,98,1
942.995,5,26,0
943.179,3,50,0
944.516,2,11,0
944.628,4,68,1
944.662,1,23,0
944.995,5,-9,0
945.179,3,80,1
946.516,2,30,0
946.628,4,23,0
946.662,1,-19,0
946.995,5,-33,0
947.18,3,-26,0
948.516,2,8,0
948.628,4,40,0
948.662,1,57,0
948.995,5,72,1
949.179,3,24,0
950.516,2,54,0
950.628,4,19,0
950.662,1,-22,0
950.995,5,50,0
951.179,3,24,0
952.516,2,36,0
952.629,4,100,1
952.662,1,89,1
952.995,5,51,0
953.179,3,7,0
954.516,2,-29,0
954.628,4,31,0
954.662,1,99,1
954.995,5,-12,0
955.179,3,74,1
956.516,2,78,1
956.629,4,-34,0
956.662,1,-12,0
956.995,5,-25,0
957.179,3,22,0
958.516,2,22,0
958.628,4,51,0
958.662,1,56,0
958.995,5,78,1
959.18,3,-16,0
960.516,2,69,1
960.629,4,-44,0
960.662,1,40,0
960.995,5,90,1
961.179,3,73,1
962.516,2,-38,0
962.628,4,75,1
962.662,1,-24,0
962.995,5,81,1
963.179,3,69,1
964.516,2,-20,0
964.628,4,80,1
964.662,1,66,1
964.995,5,-6,0
965.179,3,40,0
966.516,2,23,0
966.628,4,38,0
966.662,1,26,0
966.995,5,15,0
967.179,3,0,0
968.516,2,-26,0
968.628,4,23,0
968.662,1,12,0
968.995,5,5,0
969.18,3,-44,0
970.516,2,17,0
970.628,4,8,0
970.662,1,-21,0
970.995,5,1,0
971.18,3,-30,0
972.516,2,9,0
972.628,4,19,0
972.662,1,-26,0
972.995,5,-11,0
973.179,3,4,0
974.516,2,59,0
974.628,4,54,0
974.662,1,64,1
974.995,5,29,0
975.179,3,79,1
976.516,2,-40,0
976.628,4,48,0
976.662,1,-9,0
976.995,5,1,0
977.179,3,79,1
978.516,2,94,1
978.629,4,-11,0
978.662,1,13,0
978.995,5,30,0
979.179,3,74,1
980.516,2,53,0
980.628,4,28,0
980.662,1,70,1
980.995,5,-9,0
981.179,3,0,0
982.516,2,43,0
982.628,4,16,0
982.662,1,-19,0
982.995,5,98,1
983.179,3,80,1
984.516,2,9,0
984.628,4,98,1
984.662,1,27,0
984.995,5,100,1
985.179,3,96,1
986.516,2,65,1
986.628,4,21,0
986.662,1,59,0
986.995,5,-13,0
987.179,3,51,0
988.516,2,13,0
988.629,4,-36,0
988.662,1,68,1
988.995,5,75,1
989.18,3,100,1
990.516,2,33,0
990.628,4,44,0
990.662,1,3,0
990.995,5,74,1
991.179,3,-2,0
992.516,2,70,1
992.628,4,57,0
992.662,1,1,0
992.995,5,0,0
993.179,3,13,0
994.516,2,54,0
994.628,4,53,0
994.662,1,42,0
994.995,5,24,0
995.179,3,41,0
996.516,2,-36,0
996.628,4,31,0
996.662,1,64,1
996.995,5,36,0
997.18,3,-15,0
998.516,2,-17,0
998.628,4,-6,0
998.662,1,-10,0
998.995,5,32,0
999.179,3,21,0
1000.516,2,80,1
1000.628,4,33,0
1000.662,1,-12,0
1000.995,5,-1,0
1001.179,3,26,0
1002.516,2,54,0
1002.628,4,46,0
1002.662,1,58,0
1002.995,5,42,0
1003.179,3,30,0
1004.516,2,29,0
1004.628,4,81,1
1004.662,1,84,1
1004.995,5,42,0
1005.18,3,-10,0
1006.516,2,25,0
1006.628,4,71,1
1006.662,1,73,1
1006.995,5,59,0
1007.179,3,-7,0
1008.516,2,58,0
1008.628,4,84,1
1008.662,1,55,0
1008.995,5,22,0
1009.179,3,61,1
1010.516,2,3,0
1010.628,4,19,0
1010.662,1,68,1
1010.995,5,100,1
1011.179,3,64,1
1012.516,2,16,0
1012.628,4,88,1
1012.662,1,33,0
1012.995,5,51,0
1013.18,3,-41,0
1014.516,2,39,0
1014.628,4,37,0
1014.662,1,-13,0
1014.995,5,64,1
1015.18,3,-15,0
1016.516,2,82,1
1016.628,4,18,0
1016.662,1,41,0
1016.995,5,-6,0
1017.18,3,-23,0
1018.516,2,65,1
1018.628,4,6,0
1018.662,1,62,1
1018.995,5,9,0
1019.179,3,48,0
1020.516,2,73,1
1020.629,4,-11,0
1020.662,1,-43,0
1020.995,5,65,1
1021.179,3,3,0
1022.516,2,51,0
1022.628,4,0,0
1022.662,1,-2,0
1022.995,5,53,0
1023.18,3,-17,0
1024.516,2,9,0
1024.628,4,44,0
1024.662,1,2,0
1024.995,5,-14,0
1025.179,3,57,0
1026.516,2,72,1
1026.629,4,-11,0
1026.662,1,10,0
1026.995,5,51,0
1027.179,3,8,0
1028.516,2,68,1
1028.628,4,-7,0
1028.662,1,-8,0
1028.995,5,69,1
1029.179,3,63,1
1030.516,2,80,1
1030.628,4,-6,0
1030.662,1,-23,0
1030.995,5,97,1
1031.179,3,37,0
1032.516,2,19,0
1032.628,4,9,0
1032.662,1,24,0
1032.995,5,49,0
1033.179,3,-6,0
1034.516,2,17,0
1034.629,4,-18,0
1034.662,1,55,0
1034.995,5,5,0
1035.179,3,40,0
1036.516,2,-37,0
1036.628,4,49,0
1036.662,1,23,0
1036.995,5,9,0
1037.179,3,69,1
1038.516,2,59,0
1038.629,4,-23,0
1038.662,1,-16,0
1038.995,5,-29,0
1039.179,3,93,1
1040.516,2,45,0
1040.628,4,42,0
1040.662,1,-32,0
1040.995,5,100,1
1041.179,3,66,1
1042.516,2,-16,0
1042.629,4,-37,0
1042.662,1,70,1
1042.995,5,88,1
1043.179,3,89,1
1044.516,2,39,0
1044.629,4,-27,0
1044.662,1,11,0
1044.995,5,41,0
1045.179,3,26,0
1046.516,2,46,0
1046.628,4,97,1
1046.662,1,41,0
1046.995,5,-3,0
1047.179,3,31,0
1048.516,2,-32,0
1048.629,4,-10,0
1048.662,1,30,0
1048.995,5,74,1
1049.179,3,52,0
1050.516,2,-9,0
1050.628,4,55,0
1050.662,1,12,0
1050.995,5,14,0
1051.179,3,76,1
1052.516,2,-34,0
1052.629,4,-15,0
1052.662,1,92,1
1052.995,5,70,1
1053.179,3,91,1
1054.516,2,60,0
1054.628,4,11,0
1054.662,1,16,0
1054.995,5,80,1
1055.179,3,48,0
1056.516,2,8,0
1056.628,4,78,1
1056.662,1,54,0
1056.995,5,32,0
1057.179,3,23,0
1058.516,2,16,0
1058.628,4,66,1
1058.662,1,82,1
1058.995,5,0,0
1059.179,3,51,0
1060.516,2,70,1
1060.628,4,68,1
1060.662,1,61,1
1060.995,5,77,1
1061.179,3,59,0
1062.516,2,100,1
1062.628,4,54,0
1062.662,1,12,0
1062.995,5,-1,0
1063.18,3,-17,0
1064.516,2,100,1
1064.629,4,100,1
1064.662,1,71,1
1064.995,5,69,1
1065.179,3,70,1
1066.516,2,-13,0
1066.628,4,-2,0
1066.662,1,14,0
1066.995,5,36,0
1067.179,3,25,0
1068.516,2,62,1
1068.628,4,8,0
1068.662,1,38,0
1068.995,5,32,0
1069.18,3,-40,0
1070.516,2,-22,0
1070.628,4,53,0
1070.662,1,44,0
1070.995,5,7,0
1071.179,3,38,0
1072.516,2,-5,0
1072.628,4,11,0
1072.662,1,38,0
1072.995,5,-36,0
1073.179,3,13,0
1074.516,2,37,0
1074.628,4,11,0
1074.662,1,-15,0
1074.995,5,-22,0
1075.179,3,24,0
1076.516,2,0,0
1076.628,4,31,0
1076.662,1,-20,0
1076.995,5,26,0
1077.179,3,76,1
1078.516,2,20,0
1078.628,4,71,1
1078.662,1,-8,0
1078.995,5,18,0
1079.179,3,88,1
1080.516,2,100,1
1080.628,4,74,1
1080.662,1,54,0
1080.995,5,59,0
1081.179,3,69,1
1082.516,2,-11,0
1082.628,4,83,1
1082.662,1,5,0
1082.995,5,67,1
1083.179,3,54,0
1084.516,2,-21,0
1084.629,4,-12,0
1084.662,1,7,0
1084.995,5,25,0
1085.179,3,-4,0
1086.516,2,-5,0
1086.628,4,1,0
1086.662,1,-28,0
1086.995,5,4,0
1087.179,3,-2,0
1088.516,2,6,0
1088.628,4,63,1
1088.662,1,0,0
1088.995,5,69,1
1089.179,3,57,0
1090.516,2,-13,0
1090.628,4,41,0
1090.662,1,96,1
1090.995,5,17,0
1091.179,3,69,1
1092.516,2,71,1
1092.628,4,28,0
1092.662,1,40,0
1092.995,5,55,0
1093.179,3,-3,0
1094.516,2,-13,0
1094.628,4,7,0
1094.662,1,-35,0
1094.995,5,70,1
1095.179,3,50,0
1096.516,2,56,0
1096.628,4,-9,0
1096.662,1,48,0
1096.995,5,-21,0
1097.18,3,-17,0
1098.516,2,94,1
1098.628,4,-7,0
1098.662,1,1,0
1098.995,5,5,0
1099.179,3,66,1
1100.516,2,99,1
1100.628,4,55,0
1100.662,1,64,1
1100.995,5,70,1
1101.18,3,-16,0
1102.516,2,75,1
1102.628,4,67,1
1102.662,1,26,0
1102.995,5,91,1
1103.179,3,18,0
1104.516,2,25,0
1104.628,4,7,0
1104.662,1,42,0
1104.995,5,71,1
1105.179,3,89,1
1106.516,2,16,0
1106.628,4,38,0
1106.662,1,-7,0
1106.995,5,57,0
1107.18,3,100,1
1108.516,2,-4,0
1108.629,4,100,1
1108.662,1,9,0
1108.995,5,67,1
1109.18,3,-17,0
1110.516,2,25,0
1110.628,4,44,0
1110.662,1,-9,0
1110.995,5,78,1
1111.18,3,-26,0
1112.516,2,-12,0
1112.628,4,-1,0
1112.662,1,-32,0
1112.995,5,-1,0
1113.179,3,44,0
1114.516,2,-6,0
1114.628,4,85,1
1114.662,1,62,1
1114.995,5,-3,0
1115.179,3,72,1
1116.516,2,100,1
1116.628,4,63,1
1116.662,1,63,1
1116.995,5,100,1
1117.179,3,9,0
1118.516,2,-18,0
1118.629,4,-10,0
1118.662,1,61,1
1118.995,5,-24,0
1119.179,3,49,0
1120.516,2,-17,0
1120.628,4,95,1
1120.662,1,22,0
1120.995,5,-5,0
1121.179,3,49,0
1122.516,2,75,1
1122.628,4,55,0
1122.662,1,12,0
1122.995,5,17,0
1123.179,3,-8,0
1124.516,2,6,0
1124.628,4,36,0
1124.662,1,34,0
1124.995,5,73,1
1125.179,3,23,0
1126.516,2,89,1
1126.628,4,85,1
1126.662,1,71,1
1126.995,5,63,1
1127.179,3,67,1
1128.516,2,-8,0
1128.628,4,17,0
1128.662,1,85,1
1128.995,5,70,1
1129.179,3,45,0
1130.516,2,42,0
1130.628,4,7,0
1130.662,1,31,0
1130.995,5,-43,0
1131.179,3,77,1
1132.516,2,-15,0
1132.628,4,12,0
1132.662,1,4,0
1132.995,5,-7,0
1133.179,3,11,0
1134.516,2,73,1
1134.628,4,15,0
1134.662,1,-9,0
1134.995,5,97,1
1135.18,3,-31,0
1136.516,2,-11,0
1136.628,4,55,0
1136.662,1,82,1
1136.995,5,88,1
1137.179,3,2,0
1138.516,2,-18,0
1138.628,4,60,0
1138.662,1,24,0
1138.995,5,18,0
1139.179,3,21,0
1140.516,2,81,1
1140.628,4,10,0
1140.662,1,29,0
1140.995,5,78,1
1141.179,3,23,0
1142.516,2,17,0
1142.628,4,81,1
1142.662,1,-27,0
1142.995,5,40,0
1143.18,3,-24,0
1144.516,2,-8,0
1144.628,4,41,0
1144.662,1,-2,0
1144.995,5,55,0
1145.18,3,-14,0
1146.516,2,-10,0
1146.628,4,66,1
1146.662,1,25,0
1146.995,5,76,1
1147.18,3,100,1
1148.516,2,72,1
1148.628,4,44,0
1148.662,1,33,0
1148.995,5,42,0
1149.179,3,5,0
1150.516,2,81,1
1150.629,4,-42,0
1150.662,1,7,0
1150.995,5,97,1
1151.179,3,70,1
1152.516,2,-1,0
1152.628,4,78,1
1152.662,1,35,0
1152.995,5,-23,0
1153.179,3,69,1
1154.516,2,24,0
1154.628,4,48,0
1154.662,1,-8,0
1154.995,5,40,0
1155.18,3,100,1
1156.516,2,86,1
1156.628,4,-6,0
1156.662,1,59,0
1156.995,5,21,0
1157.179,3,48,0
1158.516,2,16,0
1158.628,4,-4,0
1158.662,1,-11,0
1158.995,5,59,0
1159.179,3,99,1
1160.516,2,8,0
1160.628,4,50,0
1160.662,1,-13,0
1160.995,5,-30,0
1161.179,3,74,1
1162.516,2,21,0
1162.628,4,40,0
1162.662,1,-41,0
1162.995,5,62,1
1163.179,3,-2,0
1164.516,2,81,1
1164.629,4,-44,0
1164.662,1,20,0
1164.995,5,100,1
1165.179,3,61,1
1166.516,2,-23,0
1166.628,4,63,1
1166.662,1,-1,0
1166.995,5,21,0
1167.179,3,20,0
1168.516,2,-3,0
1168.628,4,74,1
1168.662,1,72,1
1168.995,5,100,1
1169.179,3,23,0
1170.516,2,40,0
1170.628,4,20,0
1170.662,1,-3,0
1170.995,5,22,0
1171.18,3,-43,0
1172.516,2,75,1
1172.628,4,73,1
1172.662,1,3,0
1172.995,5,64,1
1173.179,3,1,0
1174.516,2,61,1
1174.628,4,52,0
1174.662,1,-22,0
1174.995,5,-11,0
1175.179,3,99,1
1176.516,2,40,0
1176.629,4,-16,0
1176.662,1,-17,0
1176.995,5,66,1
1177.179,3,-8,0
1178.516,2,-7,0
1178.628,4,46,0
1178.662,1,-13,0
1178.995,5,77,1
1179.18,3,-41,0
1180.516,2,82,1
1180.628,4,-9,0
1180.662,1,14,0
1180.995,5,-22,0
1181.179,3,49,0
1182.516,2,21,0
1182.628,4,30,0
1182.662,1,57,0
1182.995,5,55,0
1183.179,3,66,1
1184.516,2,-6,0
1184.628,4,43,0
1184.662,1,2,0
1184.995,5,80,1
1185.18,3,-14,0
1186.516,2,45,0
1186.628,4,20,0
1186.662,1,80,1
1186.995,5,5,0
1187.18,3,-10,0
1188.516,2,84,1
1188.628,4,85,1
1188.662,1,-42,0
1188.995,5,-20,0
1189.18,3,-41,0
1190.516,2,51,0
1190.628,4,92,1
1190.662,1,20,0
1190.995,5,-3,0
1191.18,3,-44,0
1192.516,2,23,0
1192.628,4,54,0
1192.662,1,10,0
1192.995,5,67,1
1193.179,3,81,1
1194.516,2,-33,0
1194.629,4,-33,0
1194.662,1,60,0
1194.995,5,-21,0
1195.179,3,40,0
1196.516,2,95,1
1196.628,4,-8,0
1196.662,1,31,0
1196.995,5,76,1
1197.179,3,74,1
1198.516,2,-2,0
1198.628,4,90,1
1198.662,1,35,0
1198.995,5,53,0
1199.18,3,-19,0
1200.516,2,40,0
1200.628,4,75,1
1200.662,1,77,1
1200.995,5,-43,0
1201.179,3,7,0
1202.516,2,44,0
1202.628,4,-1,0
1202.662,1,99,1
1202.995,5,9,0
1203.179,3,34,0
1204.516,2,48,0
1204.629,4,-19,0
1204.662,1,49,0
1204.995,5,41,0
1205.18,3,-38,0
1206.516,2,-14,0
1206.628,4,67,1
1206.662,1,71,1
1206.995,5,22,0
1207.179,3,6,0
1208.516,2,67,1
1208.628,4,44,0
1208.662,1,64,1
1208.995,5,-18,0
1209.179,3,5,0
1210.516,2,68,1
1210.628,4,90,1
1210.662,1,57,0
1210.995,5,81,1
1211.179,3,59,0
1212.516,2,71,1
1212.629,4,-10,0
1212.662,1,51,0
1212.995,5,55,0
1213.18,3,-30,0
1214.516,2,98,1
1214.628,4,16,0
1214.662,1,74,1
1214.995,5,40,0
1215.18,3,-28,0
1216.516,2,-12,0
1216.629,4,-21,0
1216.662,1,25,0
1216.995,5,-13,0
1217.179,3,-4,0
1218.516,2,-8,0
1218.628,4,47,0
1218.662,1,70,1
1218.995,5,79,1
1219.18,3,-21,0
1220.516,2,-4,0
1220.629,4,100,1
1220.662,1,34,0
1220.995,5,80,1
1221.18,3,-26,0
1222.516,2,77,1
1222.628,4,21,0
1222.662,1,-31,0
1222.995,5,64,1
1223.179,3,-6,0
1224.516,2,100,1
1224.628,4,24,0
1224.662,1,3,0
1224.995,5,-27,0
1225.179,3,51,0
1226.516,2,90,1
1226.628,4,-2,0
1226.662,1,-2,0
1226.995,5,90,1
1227.179,3,52,0
1228.516,2,-42,0
1228.628,4,35,0
1228.662,1,53,0
1228.995,5,-20,0
1229.18,3,-16,0
1230.516,2,46,0
1230.628,4,35,0
1230.662,1,33,0
1230.995,5,48,0
1231.179,3,63,1
1232.516,2,86,1
1232.628,4,47,0
1232.662,1,73,1
1232.995,5,-5,0
1233.179,3,99,1
1234.516,2,19,0
1234.629,4,100,1
1234.662,1,38,0
1234.995,5,-21,0
1235.179,3,41,0
1236.516,2,65,1
1236.628,4,42,0
1236.662,1,74,1
1236.995,5,37,0
1237.179,3,76,1
1238.516,2,68,1
1238.628,4,56,0
1238.662,1,1,0
1238.995,5,-23,0
1239.18,3,-11,0
1240.516,2,68,1
1240.628,4,30,0
1240.662,1,14,0
1240.995,5,84,1
1241.179,3,57,0
1242.516,2,49,0
1242.628,4,48,0
1242.662,1,9,0
1242.995,5,7,0
1243.179,3,8,0
1244.516,2,59,0
1244.628,4,41,0
1244.662,1,-23,0
1244.995,5,42,0
1245.179,3,60,0
1246.516,2,36,0
1246.628,4,82,1
1246.662,1,74,1
1246.995,5,24,0
1247.179,3,59,0
1248.516,2,42,0
1248.629,4,-13,0
1248.662,1,39,0
1248.995,5,-10,0
1249.18,3,-16,0
1250.516,2,56,0
1250.629,4,100,1
1250.662,1,63,1
1250.995,5,-15,0
1251.179,3,69,1
1252.516,2,93,1
1252.629,4,-20,0
1252.662,1,-21,0
1252.995,5,29,0
1253.179,3,57,0
1254.516,2,-16,0
1254.628,4,10,0
1254.662,1,26,0
1254.995,5,-12,0
1255.179,3,7,0
1256.516,2,50,0
1256.628,4,62,1
1256.662,1,52,0
1256.995,5,40,0
1257.18,3,-17,0
1258.516,2,-11,0
1258.628,4,8,0
1258.662,1,65,1
1258.995,5,58,0
1259.179,3,84,1
1260.516,2,71,1
1260.628,4,69,1
1260.662,1,50,0
1260.995,5,90,1
1261.179,3,7,0
1262.516,2,40,0
1262.628,4,-5,0
1262.662,1,75,1
1262.995,5,5,0
1263.179,3,30,0
1264.516,2,46,0
1264.628,4,91,1
1264.662,1,44,0
1264.995,5,-12,0
1265.179,3,28,0
1266.516,2,82,1
1266.628,4,60,0
1266.662,1,65,1
1266.995,5,37,0
1267.179,3,-2,0
1268.516,2,36,0
1268.628,4,-7,0
1268.662,1,45,0
1268.995,5,40,0
1269.179,3,2,0
1270.516,2,-9,0
1270.628,4,24,0
1270.662,1,60,0
1270.995,5,61,1
1271.179,3,48,0
1272.516,2,48,0
1272.628,4,3,0
1272.662,1,20,0
1272.995,5,31,0
1273.179,3,56,0
1274.516,2,-24,0
1274.628,4,45,0
1274.662,1,4,0
1274.995,5,82,1
1275.18,3,-12,0
1276.516,2,26,0
1276.628,4,-7,0
1276.662,1,24,0
1276.995,5,-1,0
1277.179,3,32,0
1278.516,2,-19,0
1278.628,4,46,0
1278.662,1,16,0
1278.995,5,56,0
1279.179,3,56,0
1280.516,2,54,0
1280.628,4,2,0
1280.662,1,-13,0
1280.995,5,29,0
1281.179,3,20,0
1282.516,2,21,0
1282.628,4,26,0
1282.662,1,59,0
1282.995,5,-16,0
1283.179,3,44,0
1284.516,2,100,1
1284.628,4,76,1
1284.662,1,-20,0
1284.995,5,-11,0
1285.179,3,17,0
1286.516,2,8,0
1286.629,4,100,1
1286.662,1,66,1
1286.995,5,-20,0
1287.179,3,96,1
1288.516,2,62,1
1288.628,4,10,0
1288.662,1,-5,0
1288.995,5,57,0
1289.179,3,44,0
1290.516,2,90,1
1290.628,4,98,1
1290.662,1,74,1
1290.995,5,94,1
1291.179,3,21,0
1292.516,2,98,1
1292.629,4,-16,0
1292.662,1,82,1
1292.995,5,45,0
1293.179,3,13,0
1294.516,2,5,0
1294.628,4,84,1
1294.662,1,79,1
1294.995,5,-10,0
1295.179,3,12,0
1296.516,2,5,0
1296.629,4,-24,0
1296.662,1,50,0
1296.995,5,97,1
1297.179,3,21,0
1298.516,2,-10,0
1298.628,4,16,0
1298.662,1,50,0
1298.995,5,37,0
1299.179,3,56,0
1300.516,2,91,1
1300.628,4,72,1
1300.662,1,76,1
1300.995,5,22,0
1301.18,3,-24,0
1302.516,2,31,0
1302.628,4,-9,0
1302.662,1,81,1
1302.995,5,22,0
1303.179,3,21,0
1304.516,2,72,1
1304.628,4,88,1
1304.662,1,100,1
1304.995,5,13,0
1305.179,3,-3,0
1306.516,2,-25,0
1306.628,4,1,0
1306.662,1,-18,0
1306.995,5,34,0
1307.179,3,8,0
1308.516,2,97,1
1308.628,4,62,1
1308.662,1,82,1
1308.995,5,77,1
1309.179,3,47,0
1310.516,2,63,1
1310.629,4,-16,0
1310.662,1,62,1
1310.995,5,50,0
1311.18,3,-17,0
1312.516,2,-20,0
1312.629,4,-12,0
1312.662,1,11,0
1312.995,5,2,0
1313.179,3,-6,0
1314.516,2,18,0
1314.628,4,95,1
1314.662,1,38,0
1314.995,5,71,1
1315.179,3,34,0
1316.516,2,33,0
1316.628,4,17,0
1316.662,1,-44,0
1316.995,5,9,0
1317.179,3,25,0
1318.516,2,100,1
1318.628,4,45,0
1318.662,1,28,0
1318.995,5,40,0
1319.179,3,14,0
1320.516,2,8,0
1320.628,4,46,0
1320.662,1,-11,0
1320.995,5,-16,0
1321.179,3,72,1
1322.516,2,-13,0
1322.628,4,41,0
1322.662,1,21,0
1322.995,5,48,0
1323.179,3,14,0
1324.516,2,-22,0
1324.628,4,16,0
1324.662,1,4,0
1324.995,5,35,0
1325.18,3,-23,0
1326.516,2,58,0
1326.628,4,42,0
1326.662,1,46,0
1326.995,5,99,1
1327.179,3,50,0
1328.516,2,44,0
1328.628,4,18,0
1328.662,1,31,0
1328.995,5,15,0
1329.179,3,21,0
1330.516,2,51,0
1330.629,4,-33,0
1330.662,1,-18,0
1330.995,5,20,0
1331.179,3,84,1
1332.516,2,-5,0
1332.628,4,57,0
1332.662,1,82,1
1332.995,5,15,0
1333.179,3,18,0
1334.516,2,37,0
1334.629,4,100,1
1334.662,1,65,1
1334.995,5,71,1
1335.179,3,5,0
1336.516,2,-15,0
1336.628,4,79,1
1336.662,1,33,0
1336.995,5,31,0
1337.179,3,42,0
1338.516,2,46,0
1338.628,4,57,0
1338.662,1,28,0
1338.995,5,34,0
1339.18,3,100,1
1340.516,2,-3,0
1340.629,4,-28,0
1340.662,1,-31,0
1340.995,5,85,1
1341.179,3,25,0
1342.516,2,71,1
1342.628,4,47,0
1342.662,1,10,0
1342.995,5,92,1
1343.18,3,-14,0
1344.516,2,51,0
1344.628,4,86,1
1344.662,1,-35,0
1344.995,5,6,0
1345.18,3,100,1
1346.516,2,42,0
1346.628,4,78,1
1346.662,1,-41,0
1346.995,5,15,0
1347.179,3,60,0
1348.516,2,42,0
1348.628,4,10,0
1348.662,1,48,0
1348.995,5,40,0
1349.179,3,36,0
1350.516,2,-4,0
1350.628,4,51,0
1350.662,1,74,1
1350.995,5,38,0
1351.18,3,-17,0
1352.516,2,-2,0
1352.628,4,-8,0
1352.662,1,84,1
1352.995,5,-13,0
1353.179,3,78,1
1354.516,2,21,0
1354.629,4,-37,0
1354.662,1,20,0
1354.995,5,29,0
1355.18,3,-18,0
1356.516,2,3,0
1356.628,4,55,0
1356.662,1,-23,0
1356.995,5,81,1
1357.179,3,74,1
1358.516,2,100,1
1358.628,4,64,1
1358.662,1,56,0
1358.995,5,45,0
1359.179,3,83,1
1360.516,2,-19,0
1360.628,4,87,1
1360.662,1,23,0
1360.995,5,-36,0
1361.179,3,44,0
1362.516,2,2,0
1362.628,4,87,1
1362.662,1,100,1
1362.995,5,6,0
1363.179,3,67,1
1364.516,2,8,0
1364.628,4,13,0
1364.662,1,74,1
1364.995,5,3,0
1365.179,3,-2,0
1366.516,2,10,0
1366.628,4,3,0
1366.662,1,11,0
1366.995,5,22,0
1367.18,3,-36,0
1368.516,2,-18,0
1368.628,4,-4,0
1368.662,1,40,0
1368.995,5,84,1
1369.18,3,-11,0
1370.516,2,-2,0
1370.628,4,51,0
1370.662,1,77,1
1370.995,5,37,0
1371.179,3,45,0
1372.516,2,-19,0
1372.628,4,-6,0
1372.662,1,37,0
1372.995,5,68,1
1373.179,3,10,0
1374.516,2,5,0
1374.628,4,93,1
1374.662,1,42,0
1374.995,5,52,0
1375.18,3,-16,0
1376.516,2,20,0
1376.628,4,25,0
1376.662,1,-5,0
1376.995,5,-15,0
1377.179,3,0,0
1378.516,2,57,0
1378.628,4,19,0
1378.662,1,33,0
1378.995,5,43,0
1379.179,3,36,0
1380.516,2,50,0
1380.629,4,-15,0
1380.662,1,34,0
1380.995,5,46,0
1381.179,3,50,0
1382.516,2,90,1
1382.628,4,56,0
1382.662,1,42,0
1382.995,5,100,1
1383.179,3,73,1
1384.516,2,7,0
1384.628,4,91,1
1384.662,1,3,0
1384.995,5,-15,0
1385.179,3,47,0
1386.516,2,42,0
1386.628,4,70,1
1386.662,1,38,0
1386.995,5,74,1
1387.179,3,46,0
1388.516,2,72,1
1388.628,4,65,1
1388.662,1,-30,0
1388.995,5,37,0
1389.18,3,-17,0
1390.516,2,72,1
1390.628,4,85,1
1390.662,1,33,0
1390.995,5,-22,0
1391.179,3,46,0
1392.516,2,83,1
1392.628,4,62,1
1392.662,1,91,1
1392.995,5,74,1
1393.179,3,30,0
1394.516,2,81,1
1394.628,4,40,0
1394.662,1,61,1
1394.995,5,-5,0
1395.179,3,81,1
1396.516,2,76,1
1396.628,4,16,0
1396.662,1,25,0
1396.995,5,67,1
1397.18,3,-19,0
1398.516,2,95,1
1398.628,4,28,0
1398.662,1,86,1
1398.995,5,37,0
1399.179,3,84,1
1400.516,2,84,1
1400.628,4,66,1
1400.662,1,58,0
1400.995,5,27,0
1401.179,3,65,1
1402.516,2,47,0
1402.628,4,24,0
1402.662,1,-17,0
1402.995,5,-22,0
1403.179,3,86,1
1404.516,2,65,1
1404.628,4,68,1
1404.662,1,76,1
1404.995,5,21,0
1405.179,3,79,1
1406.516,2,-9,0
1406.628,4,8,0
1406.662,1,-20,0
1406.995,5,19,0
1407.18,3,-23,0
1408.516,2,24,0
1408.628,4,36,0
1408.662,1,20,0
1408.995,5,20,0
1409.179,3,12,0
1410.516,2,99,1
1410.628,4,85,1
1410.662,1,21,0
1410.995,5,-7,0
1411.179,3,92,1
1412.516,2,57,0
1412.628,4,77,1
1412.662,1,27,0
1412.995,5,87,1
1413.179,3,67,1
1414.516,2,-20,0
1414.628,4,40,0
1414.662,1,78,1
1414.995,5,7,0
1415.179,3,12,0
1416.516,2,51,0
1416.628,4,51,0
1416.662,1,-42,0
1416.995,5,-22,0
1417.18,3,-42,0
1418.516,2,94,1
1418.628,4,10,0
1418.662,1,-22,0
1418.995,5,21,0
1419.18,3,-41,0
1420.516,2,30,0
1420.628,4,57,0
1420.662,1,79,1
1420.995,5,73,1
1421.179,3,66,1
1422.516,2,49,0
1422.628,4,20,0
1422.662,1,94,1
1422.995,5,-25,0
1423.179,3,4,0
1424.516,2,-7,0
1424.628,4,28,0
1424.662,1,8,0
1424.995,5,13,0
1425.18,3,-22,0
1426.516,2,66,1
1426.628,4,8,0
1426.662,1,22,0
1426.995,5,52,0
1427.179,3,29,0
1428.516,2,-23,0
1428.628,4,51,0
1428.662,1,68,1
1428.995,5,-20,0
1429.179,3,97,1
1430.516,2,66,1
1430.628,4,11,0
1430.662,1,18,0
1430.995,5,14,0
1431.179,3,89,1
1432.516,2,59,0
1432.629,4,-19,0
1432.662,1,-10,0
1432.995,5,-15,0
1433.179,3,83,1
1434.516,2,-3,0
1434.628,4,77,1
1434.662,1,100,1
1434.995,5,32,0
1435.179,3,17,0
1436.516,2,-18,0
1436.628,4,68,1
1436.662,1,-16,0
1436.995,5,30,0
1437.179,3,70,1
1438.516,2,4,0
1438.629,4,-17,0
1438.662,1,2,0
1438.995,5,25,0
1439.18,3,-19,0
1440.516,2,31,0
1440.628,4,38,0
1440.662,1,-5,0
1440.995,5,70,1
1441.18,3,-18,0
1442.516,2,47,0
1442.628,4,85,1
1442.662,1,0,0
1442.995,5,11,0
1443.18,3,-27,0
1444.516,2,-18,0
1444.628,4,95,1
1444.662,1,84,1
1444.995,5,18,0
1445.179,3,6,0
1446.516,2,-13,0
1446.628,4,63,1
1446.662,1,52,0
1446.995,5,-2,0
1447.179,3,27,0
1448.516,2,-27,0
1448.628,4,2,0
1448.662,1,-7,0
1448.995,5,-18,0
1449.18,3,100,1
1450.516,2,-13,0
1450.628,4,95,1
1450.662,1,-14,0
1450.995,5,56,0
1451.179,3,29,0
1452.516,2,52,0
1452.628,4,20,0
1452.662,1,-3,0
1452.995,5,-6,0
1453.179,3,46,0
1454.516,2,17,0
1454.628,4,39,0
1454.662,1,77,1
1454.995,5,-21,0
1455.179,3,18,0
1456.516,2,93,1
1456.628,4,1,0
1456.662,1,66,1
1456.995,5,28,0
1457.179,3,35,0
1458.516,2,-43,0
1458.628,4,20,0
1458.662,1,31,0
1458.995,5,11,0
1459.179,3,29,0
1460.516,2,88,1
1460.629,4,-33,0
1460.662,1,25,0
1460.995,5,30,0
1461.179,3,70,1
1462.516,2,84,1
1462.629,4,-11,0
1462.662,1,-2,0
1462.995,5,39,0
1463.179,3,69,1
1464.516,2,-12,0
1464.628,4,29,0
1464.662,1,-22,0
1464.995,5,39,0
1465.179,3,39,0
1466.516,2,-1,0
1466.629,4,-37,0
1466.662,1,60,0
1466.995,5,-17,0
1467.179,3,64,1
1468.516,2,28,0
1468.629,4,-26,0
1468.662,1,-12,0
1468.995,5,14,0
1469.179,3,84,1
1470.516,2,44,0
1470.628,4,62,1
1470.662,1,72,1
1470.995,5,-2,0
1471.18,3,-20,0
1472.516,2,78,1
1472.629,4,-38,0
1472.662,1,91,1
1472.995,5,70,1
1473.179,3,40,0
1474.516,2,47,0
1474.628,4,84,1
1474.662,1,-2,0
1474.995,5,52,0
1475.179,3,35,0
1476.516,2,-33,0
1476.628,4,39,0
1476.662,1,22,0
1476.995,5,65,1
1477.179,3,-7,0
1478.516,2,25,0
1478.628,4,45,0
1478.662,1,13,0
1478.995,5,12,0
1479.179,3,33,0
1480.516,2,80,1
1480.628,4,41,0
1480.662,1,-6,0
1480.995,5,-19,0
1481.179,3,0,0
1482.516,2,98,1
1482.628,4,13,0
1482.662,1,17,0
1482.995,5,49,0
1483.179,3,98,1
1484.516,2,93,1
1484.628,4,55,0
1484.662,1,11,0
1484.995,5,16,0
1485.179,3,54,0
1486.516,2,-28,0
1486.628,4,57,0
1486.662,1,43,0
1486.995,5,67,1
1487.18,3,-18,0
1488.516,2,-19,0
1488.629,4,-39,0
1488.662,1,-31,0
1488.995,5,54,0
1489.179,3,54,0
1490.516,2,25,0
1490.628,4,71,1
1490.662,1,63,1
1490.995,5,-7,0
1491.18,3,-17,0
1492.516,2,-33,0
1492.628,4,20,0
1492.662,1,-27,0
1492.995,5,79,1
1493.18,3,-39,0
1494.516,2,53,0
1494.628,4,96,1
1494.662,1,21,0
1494.995,5,2,0
1495.18,3,-21,0
1496.516,2,42,0
1496.628,4,43,0
1496.662,1,-19,0
1496.995,5,-17,0
1497.179,3,2,0
1498.516,2,73,1
1498.628,4,14,0
1498.662,1,60,0
1498.995,5,-18,0
1499.179,3,86,1
1500.516,2,69,1
1500.628,4,-8,0
1500.662,1,32,0
1500.995,5,49,0
1501.179,3,61,1
1502.516,2,39,0
1502.628,4,19,0
1502.662,1,19,0
1502.995,5,19,0
1503.179,3,19,0
1504.516,2,79,1
1504.628,4,63,1
1504.662,1,36,0
1504.995,5,-40,0
1505.179,3,61,1
1506.516,2,13,0
1506.629,4,-19,0
1506.662,1,64,1
1506.995,5,76,1
1507.18,3,-13,0
1508.516,2,-9,0
1508.629,4,-10,0
1508.662,1,20,0
1508.995,5,67,1
1509.179,3,23,0
1510.516,2,-15,0
1510.629,4,-19,0
1510.662,1,58,0
1510.995,5,9,0
1511.18,3,-27,0
1512.516,2,20,0
1512.629,4,-30,0
1512.662,1,100,1
1512.995,5,40,0
1513.179,3,5,0
1514.516,2,-11,0
1514.628,4,51,0
1514.662,1,31,0
1514.995,5,9,0
1515.179,3,73,1
1516.516,2,48,0
1516.628,4,-4,0
1516.662,1,56,0
1516.995,5,-12,0
1517.179,3,20,0
1518.516,2,19,0
1518.628,4,29,0
1518.662,1,52,0
1518.995,5,77,1
1519.179,3,42,0
1520.516,2,14,0
1520.628,4,98,1
1520.662,1,33,0
1520.995,5,-6,0
1521.179,3,36,0
1522.516,2,60,0
1522.629,4,100,1
1522.662,1,17,0
1522.995,5,79,1
1523.179,3,38,0
1524.516,2,96,1
1524.628,4,19,0
1524.662,1,1,0
1524.995,5,74,1
1525.179,3,70,1
1526.516,2,49,0
1526.629,4,-29,0
1526.662,1,7,0
1526.995,5,98,1
1527.179,3,95,1
1528.516,2,14,0
1528.628,4,28,0
1528.662,1,80,1
1528.995,5,43,0
1529.179,3,74,1
1530.516,2,53,0
1530.628,4,84,1
1530.662,1,7,0
1530.995,5,-36,0
1531.179,3,38,0
1532.516,2,84,1
1532.628,4,-3,0
1532.662,1,67,1
1532.995,5,59,0
1533.179,3,0,0
1534.516,2,37,0
1534.628,4,31,0
1534.662,1,70,1
1534.995,5,-2,0
1535.179,3,24,0
1536.516,2,18,0
1536.628,4,5,0
1536.662,1,-8,0
1536.995,5,96,1
1537.18,3,-21,0
1538.516,2,96,1
1538.628,4,-2,0
1538.662,1,7,0
1538.995,5,22,0
1539.179,3,35,0
1540.516,2,55,0
1540.628,4,78,1
1540.662,1,13,0
1540.995,5,39,0
1541.179,3,36,0
1542.516,2,82,1
1542.629,4,-19,0
1542.662,1,70,1
1542.995,5,74,1
1543.179,3,9,0
1544.516,2,40,0
1544.628,4,11,0
1544.662,1,6,0
1544.995,5,45,0
1545.18,3,-27,0
1546.516,2,98,1
1546.628,4,48,0
1546.662,1,28,0
1546.995,5,33,0
1547.179,3,63,1
1548.516,2,47,0
1548.629,4,-16,0
1548.662,1,-5,0
1548.995,5,56,0
1549.179,3,-7,0
1550.516,2,12,0
1550.629,4,-20,0
1550.662,1,28,0
1550.995,5,25,0
1551.179,3,-4,0
1552.516,2,-19,0
1552.628,4,-5,0
1552.662,1,11,0
1552.995,5,10,0
1553.179,3,41,0
1554.516,2,-24,0
1554.628,4,65,1
1554.662,1,-26,0
1554.995,5,-14,0
1555.179,3,43,0
1556.516,2,-27,0
1556.628,4,5,0
1556.662,1,60,0
1556.995,5,84,1
1557.179,3,52,0
1558.516,2,56,0
1558.628,4,31,0
1558.662,1,100,1
1558.995,5,-34,0
1559.179,3,-9,0
1560.516,2,66,1
1560.628,4,0,0
1560.662,1,89,1
1560.995,5,-23,0
1561.18,3,-22,0
1562.516,2,-1,0
1562.628,4,48,0
1562.662,1,78,1
1562.995,5,-31,0
1563.179,3,46,0
1564.516,2,-3,0
1564.628,4,-7,0
1564.662,1,52,0
1564.995,5,44,0
1565.179,3,48,0
1566.516,2,46,0
1566.628,4,22,0
1566.662,1,88,1
1566.995,5,0,0
1567.179,3,44,0
1568.516,2,17,0
1568.628,4,64,1
1568.662,1,89,1
1568.995,5,-8,0
1569.18,3,-10,0
1570.516,2,40,0
1570.628,4,-6,0
1570.662,1,-2,0
1570.995,5,16,0
1571.179,3,17,0
1572.516,2,77,1
1572.628,4,92,1
1572.662,1,82,1
1572.995,5,67,1
1573.179,3,52,0
1574.516,2,40,0
1574.628,4,81,1
1574.662,1,60,0
1574.995,5,-4,0
1575.179,3,20,0
1576.516,2,-22,0
1576.628,4,39,0
1576.662,1,33,0
1576.995,5,25,0
1577.179,3,49,0
1578.516,2,68,1
1578.628,4,3,0
1578.662,1,-33,0
1578.995,5,84,1
1579.179,3,3,0
1580.516,2,65,1
1580.628,4,69,1
1580.662,1,10,0
1580.995,5,18,0
1581.179,3,14,0
1582.516,2,-8,0
1582.628,4,76,1
1582.662,1,88,1
1582.995,5,-20,0
1583.179,3,26,0
1584.516,2,57,0
1584.628,4,45,0
1584.662,1,20,0
1584.995,5,21,0
1585.18,3,-12,0
1586.516,2,29,0
1586.628,4,73,1
1586.662,1,19,0
1586.995,5,-43,0
1587.179,3,-2,0
1588.516,2,80,1
1588.628,4,43,0
1588.662,1,94,1
1588.995,5,69,1
1589.18,3,-44,0
1590.516,2,50,0
1590.628,4,5,0
1590.662,1,12,0
1590.995,5,68,1
1591.18,3,-33,0
1592.516,2,16,0
1592.628,4,64,1
1592.662,1,93,1
1592.995,5,7,0
1593.179,3,-5,0
1594.516,2,58,0
1594.628,4,35,0
1594.662,1,-14,0
1594.995,5,62,1
1595.179,3,69,1
1596.516,2,35,0
1596.628,4,-4,0
1596.662,1,52,0
1596.995,5,-1,0
1597.179,3,-7,0
1598.516,2,1,0
1598.628,4,77,1
1598.662,1,28,0
1598.995,5,50,0
1599.179,3,19,0
1600.516,2,15,0
1600.628,4,89,1
1600.662,1,31,0
1600.995,5,-32,0
1601.179,3,60,0
1602.516,2,52,0
1602.628,4,50,0
1602.662,1,-8,0
1602.995,5,49,0
1603.179,3,71,1
1604.516,2,78,1
1604.628,4,28,0
1604.662,1,100,1
1604.995,5,70,1
1605.18,3,-10,0
1606.516,2,50,0
1606.628,4,-6,0
1606.662,1,98,1
1606.995,5,-14,0
1607.18,3,-23,0
1608.516,2,41,0
1608.628,4,74,1
1608.662,1,-6,0
1608.995,5,40,0
1609.179,3,27,0
1610.516,2,9,0
1610.628,4,18,0
1610.662,1,-26,0
1610.995,5,53,0
1611.179,3,64,1
1612.516,2,37,0
1612.629,4,-10,0
1612.662,1,81,1
1612.995,5,-9,0
1613.179,3,34,0
1614.516,2,28,0
1614.628,4,5,0
1614.662,1,70,1
1614.995,5,64,1
1615.179,3,67,1
1616.516,2,42,0
1616.628,4,86,1
1616.662,1,65,1
1616.995,5,43,0
1617.179,3,64,1
1618.516,2,28,0
1618.628,4,35,0
1618.662,1,-38,0
1618.995,5,100,1
1619.179,3,9,0
1620.516,2,76,1
1620.628,4,47,0
1620.662,1,58,0
1620.995,5,65,1
1621.179,3,94,1
1622.516,2,35,0
1622.629,4,-42,0
1622.662,1,31,0
1622.995,5,-18,0
1623.179,3,19,0
1624.516,2,21,0
1624.628,4,54,0
1624.662,1,7,0
1624.995,5,68,1
1625.179,3,-5,0
1626.516,2,2,0
1626.628,4,17,0
1626.662,1,27,0
1626.995,5,-8,0
1627.18,3,-23,0
1628.516,2,27,0
1628.628,4,71,1
1628.662,1,27,0
1628.995,5,75,1
1629.18,3,-34,0
1630.516,2,8,0
1630.628,4,66,1
1630.662,1,-13,0
1630.995,5,22,0
1631.179,3,45,0
1632.516,2,-8,0
1632.629,4,100,1
1632.662,1,73,1
1632.995,5,40,0
1633.179,3,-4,0
1634.516,2,-6,0
1634.628,4,64,1
1634.662,1,-31,0
1634.995,5,8,0
1635.179,3,84,1
1636.516,2,13,0
1636.628,4,60,0
1636.662,1,95,1
1636.995,5,-42,0
1637.179,3,77,1
1638.516,2,26,0
1638.628,4,92,1
1638.662,1,-27,0
1638.995,5,40,0
1639.179,3,39,0
1640.516,2,78,1
1640.629,4,100,1
1640.662,1,67,1
1640.995,5,46,0
1641.179,3,89,1
1642.516,2,-3,0
1642.628,4,32,0
1642.662,1,-16,0
1642.995,5,90,1
1643.179,3,35,0
1644.516,2,-32,0
1644.628,4,73,1
1644.662,1,-44,0
1644.995,5,20,0
1645.179,3,61,1
1646.516,2,-14,0
1646.628,4,54,0
1646.662,1,-30,0
1646.995,5,70,1
1647.179,3,83,1
1648.516,2,51,0
1648.629,4,-12,0
1648.662,1,-21,0
1648.995,5,40,0
1649.179,3,-3,0
1650.516,2,14,0
1650.628,4,16,0
1650.662,1,-7,0
1650.995,5,82,1
1651.179,3,-5,0
1652.516,2,31,0
1652.628,4,2,0
1652.662,1,-3,0
1652.995,5,36,0
1653.179,3,49,0
1654.516,2,27,0
1654.628,4,-5,0
1654.662,1,33,0
1654.995,5,-11,0
1655.179,3,21,0
1656.516,2,70,1
1656.628,4,51,0
1656.662,1,37,0
1656.995,5,23,0
1657.18,3,100,1
1658.516,2,79,1
1658.628,4,-2,0
1658.662,1,-14,0
1658.995,5,51,0
1659.179,3,71,1
1660.516,2,100,1
1660.628,4,72,1
1660.662,1,13,0
1660.995,5,16,0
1661.18,3,-38,0
1662.516,2,22,0
1662.628,4,54,0
1662.662,1,79,1
1662.995,5,-3,0
1663.179,3,30,0
1664.516,2,8,0
1664.628,4,39,0
1664.662,1,25,0
1664.995,5,22,0
1665.18,3,-29,0
1666.516,2,28,0
1666.628,4,57,0
1666.662,1,54,0
1666.995,5,31,0
1667.179,3,63,1
1668.516,2,93,1
1668.628,4,79,1
1668.662,1,80,1
1668.995,5,72,1
1669.179,3,86,1
1670.516,2,34,0
1670.628,4,23,0
1670.662,1,100,1
1670.995,5,40,0
1671.18,3,-14,0
1672.516,2,13,0
1672.629,4,-13,0
1672.662,1,99,1
1672.995,5,31,0
1673.179,3,53,0
1674.516,2,100,1
1674.629,4,-40,0
1674.662,1,-3,0
1674.995,5,65,1
1675.179,3,41,0
1676.516,2,84,1
1676.628,4,37,0
1676.662,1,-8,0
1676.995,5,84,1
1677.179,3,10,0
1678.516,2,56,0
1678.628,4,1,0
1678.662,1,43,0
1678.995,5,-6,0
1679.179,3,69,1
1680.516,2,99,1
1680.628,4,23,0
1680.662,1,-31,0
1680.995,5,72,1
1681.179,3,-2,0
1682.516,2,52,0
1682.629,4,-24,0
1682.662,1,47,0
1682.995,5,1,0
1683.179,3,16,0
1684.516,2,9,0
1684.629,4,-16,0
1684.662,1,52,0
1684.995,5,42,0
1685.179,3,47,0
1686.516,2,91,1
1686.629,4,-34,0
1686.662,1,18,0
1686.995,5,100,1
1687.179,3,59,0
1688.516,2,53,0
1688.628,4,59,0
1688.662,1,-43,0
1688.995,5,-31,0
1689.18,3,-17,0
1690.516,2,1,0
1690.629,4,-22,0
1690.662,1,53,0
1690.995,5,72,1
1691.179,3,95,1
1692.516,2,12,0
1692.628,4,-1,0
1692.662,1,-26,0
1692.995,5,-3,0
1693.179,3,46,0
1694.516,2,27,0
1694.628,4,21,0
1694.662,1,93,1
1694.995,5,40,0
1695.179,3,42,0
1696.516,2,3,0
1696.629,4,-16,0
1696.662,1,33,0
1696.995,5,-21,0
1697.179,3,99,1
1698.516,2,-16,0
1698.629,4,-36,0
1698.662,1,-44,0
1698.995,5,37,0
1699.179,3,57,0
1700.516,2,26,0
1700.628,4,24,0
1700.662,1,19,0
1700.995,5,96,1
1701.179,3,78,1
1702.516,2,8,0
1702.628,4,99,1
1702.662,1,48,0
1702.995,5,19,0
1703.179,3,94,1
1704.516,2,28,0
1704.628,4,-9,0
1704.662,1,77,1
1704.995,5,23,0
1705.179,3,40,0
1706.516,2,48,0
1706.628,4,-8,0
1706.662,1,98,1
1706.995,5,7,0
1707.179,3,22,0
1708.516,2,13,0
1708.628,4,93,1
1708.662,1,84,1
1708.995,5,58,0
1709.179,3,-2,0
1710.516,2,97,1
1710.628,4,93,1
1710.662,1,79,1
1710.995,5,26,0
1711.179,3,95,1
1712.516,2,61,1
1712.628,4,8,0
1712.662,1,35,0
1712.995,5,14,0
1713.179,3,2,0
1714.516,2,56,0
1714.628,4,81,1
1714.662,1,3,0
1714.995,5,-12,0
1715.179,3,28,0
1716.516,2,-18,0
1716.628,4,-7,0
1716.662,1,17,0
1716.995,5,3,0
1717.179,3,93,1
1718.516,2,81,1
1718.628,4,1,0
1718.662,1,46,0
1718.995,5,-9,0
1719.18,3,-14,0
1720.516,2,100,1
1720.628,4,54,0
1720.662,1,38,0
1720.995,5,96,1
1721.179,3,77,1
1722.516,2,76,1
1722.628,4,22,0
1722.662,1,22,0
1722.995,5,56,0
1723.18,3,-16,0
1724.516,2,1,0
1724.628,4,-2,0
1724.662,1,31,0
1724.995,5,9,0
1725.179,3,32,0
1726.516,2,39,0
1726.628,4,27,0
1726.662,1,-40,0
1726.995,5,1,0
1727.179,3,33,0
1728.516,2,-3,0
1728.629,4,-15,0
1728.662,1,76,1
1728.995,5,-13,0
1729.179,3,64,1
1730.516,2,-4,0
1730.628,4,36,0
1730.662,1,27,0
1730.995,5,5,0
1731.179,3,71,1
1732.516,2,3,0
1732.629,4,-24,0
1732.662,1,95,1
1732.995,5,50,0
1733.179,3,12,0
1734.516,2,14,0
1734.628,4,24,0
1734.662,1,100,1
1734.995,5,41,0
1735.179,3,31,0
1736.516,2,-23,0
1736.628,4,42,0
1736.662,1,30,0
1736.995,5,34,0
1737.179,3,14,0
1738.516,2,5,0
1738.628,4,3,0
1738.662,1,36,0
1738.995,5,-28,0
1739.179,3,14,0
1740.516,2,42,0
1740.629,4,-30,0
1740.662,1,25,0
1740.995,5,92,1
1741.179,3,-2,0
1742.516,2,-21,0
1742.628,4,34,0
1742.662,1,-8,0
1742.995,5,21,0
1743.18,3,-34,0
1744.516,2,2,0
1744.628,4,61,1
1744.662,1,35,0
1744.995,5,12,0
1745.179,3,54,0
1746.516,2,11,0
1746.628,4,84,1
1746.662,1,7,0
1746.995,5,23,0
1747.179,3,15,0
1748.516,2,19,0
1748.628,4,38,0
1748.662,1,-43,0
1748.995,5,15,0
1749.179,3,-4,0
1750.516,2,78,1
1750.629,4,-10,0
1750.662,1,-24,0
1750.995,5,92,1
1751.179,3,34,0
1752.516,2,61,1
1752.628,4,20,0
1752.662,1,-12,0
1752.995,5,-13,0
1753.179,3,93,1
1754.516,2,77,1
1754.629,4,-20,0
1754.662,1,75,1
1754.995,5,2,0
1755.179,3,79,1
1756.516,2,-31,0
1756.628,4,69,1
1756.662,1,22,0
1756.995,5,16,0
1757.18,3,100,1
1758.516,2,-43,0
1758.628,4,-8,0
1758.662,1,65,1
1758.995,5,50,0
1759.179,3,80,1
1760.516,2,51,0
1760.628,4,74,1
1760.662,1,29,0
1760.995,5,15,0
1761.179,3,12,0
1762.516,2,15,0
1762.628,4,46,0
1762.662,1,40,0
1762.995,5,21,0
1763.179,3,71,1
1764.516,2,35,0
1764.628,4,65,1
1764.662,1,0,0
1764.995,5,80,1
1765.179,3,30,0
1766.516,2,47,0
1766.628,4,37,0
1766.662,1,54,0
1766.995,5,10,0
1767.18,3,-21,0
1768.516,2,-30,0
1768.628,4,64,1
1768.662,1,-2,0
1768.995,5,100,1
1769.179,3,27,0
1770.516,2,70,1
1770.628,4,94,1
1770.662,1,38,0
1770.995,5,5,0
1771.179,3,82,1
